-4.085664,-32.93512,-1.310051,-0.8953514,-0.5383701,1.675629,29.1,-1.745794
-3.201445,-32.93512,-1.619434,-0.9106257,-0.5360242,1.933682,29.1,-2.126992
-2.317227,-32.93512,-1.811994,-0.9234058,-0.5229307,2.099871,29.1,-2.372485
-1.433047,-32.93512,-1.91154,-0.9427586,-0.4994521,2.189117,29.1,-2.50432
-0.5488281,-32.93512,-1.962298,-0.9687254,-0.4776655,2.239912,29.1,-2.579354
0.3353906,-32.93512,-2.000097,-0.9908399,-0.4576268,2.278503,29.1,-2.63636
1.219609,-32.93512,-2.007539,-0.9839571,-0.4392098,2.27844,29.1,-2.636267
2.103789,-32.93512,-2.011087,-0.9741578,-0.4202355,2.273775,29.1,-2.629376
2.988008,-32.93512,-2.009743,-0.9584048,-0.4019109,2.262552,29.1,-2.612797
3.872227,-32.93512,-2.008765,-0.941816,-0.3832585,2.251453,29.1,-2.596403
4.756406,-32.93512,-2.003742,-0.9224129,-0.3645149,2.235777,29.1,-2.573246
5.640625,-32.93512,-1.998591,-0.9020165,-0.3458071,2.219816,29.1,-2.549668
6.524844,-32.93512,-1.991637,-0.8827546,-0.3264155,2.202821,29.1,-2.524563
7.409023,-32.93512,-1.983748,-0.8638164,-0.3067929,2.185305,29.1,-2.498688
8.293242,-32.93512,-1.976126,-0.8430014,-0.2885865,2.167719,29.1,-2.472711
9.177461,-32.93512,-1.966798,-0.8227585,-0.2692835,2.148892,29.1,-2.4449
10.06164,-32.93512,-1.957843,-0.8015715,-0.2505473,2.130362,29.1,-2.417526
10.94586,-32.93512,-1.949413,-0.7812369,-0.2322958,2.112937,29.1,-2.391787
11.83008,-32.93512,-1.940848,-0.7628378,-0.2120728,2.096137,29.1,-2.366969
12.71426,-32.93512,-1.936476,-0.7444875,-0.1948638,2.083788,29.1,-2.348727
13.59848,-32.93512,-1.932102,-0.7261364,-0.1776539,2.071679,29.1,-2.330841
14.48269,-32.93512,-1.928171,-0.708518,-0.1602141,2.060463,29.1,-2.314273
15.36687,-32.93512,-1.925529,-0.6903448,-0.1427451,2.050516,29.1,-2.299578
16.25109,-32.93512,-1.926347,-0.6755933,-0.1277038,2.045372,29.1,-2.29198
17.13531,-32.93512,-1.926005,-0.6624726,-0.1124126,2.039853,29.1,-2.283827
18.01949,-32.93512,-1.925662,-0.6493527,-0.09712219,2.034519,29.1,-2.275947
18.90371,-32.93512,-1.924852,-0.6363683,-0.08163736,2.028962,29.1,-2.267738
-4.085664,-32.05099,-0.9028698,-0.02503726,-0.4956702,1.030286,29.1,-0.7924949
-3.201445,-32.05099,-1.396057,-0.5076901,-0.4945135,1.565652,29.1,-1.583338
-2.317227,-32.05099,-1.730042,-0.7324404,-0.5309016,1.952273,29.1,-2.154454
-1.433047,-32.05099,-1.88816,-0.9001364,-0.5285228,2.157482,29.1,-2.457589
-0.5488281,-32.05099,-1.945689,-0.9502736,-0.5136675,2.225439,29.1,-2.557975
0.3353906,-32.05099,-1.982094,-0.9994234,-0.494584,2.274237,29.1,-2.630059
1.219609,-32.05099,-2.003907,-1.009673,-0.4729482,2.293199,29.1,-2.65807
2.103789,-32.05099,-2.008665,-1.006981,-0.456589,2.292862,29.1,-2.657572
2.988008,-32.05099,-2.010591,-0.9893027,-0.4351756,2.282669,29.1,-2.642514
3.872227,-32.05099,-2.009009,-0.9739565,-0.4176516,2.271375,29.1,-2.625831
4.756406,-32.05099,-2.006599,-0.9552795,-0.3991095,2.257938,29.1,-2.605983
5.640625,-32.05099,-1.99867,-0.9355788,-0.3803101,2.239336,29.1,-2.578503
6.524844,-32.05099,-1.995365,-0.9170657,-0.3608221,2.225463,29.1,-2.55801
7.409023,-32.05099,-1.985646,-0.8979244,-0.3404464,2.205666,29.1,-2.528766
8.293242,-32.05099,-1.97526,-0.8776354,-0.3192439,2.184906,29.1,-2.498098
9.177461,-32.05099,-1.966502,-0.8561277,-0.2996278,2.165609,29.1,-2.469593
10.06164,-32.05099,-1.956196,-0.8347973,-0.2792377,2.145126,29.1,-2.439336
10.94586,-32.05099,-1.947671,-0.8117989,-0.2599455,2.126032,29.1,-2.41113
11.83008,-32.05099,-1.939759,-0.7907299,-0.2401509,2.108457,29.1,-2.385169
12.71426,-32.05099,-1.93119,-0.7712286,-0.2173836,2.090824,29.1,-2.359121
13.59848,-32.05099,-1.926546,-0.7524376,-0.2008873,2.078004,29.1,-2.340183
14.48269,-32.05099,-1.921589,-0.7334287,-0.1844811,2.065056,29.1,-2.321056
15.36687,-32.05099,-1.916585,-0.7134154,-0.1663374,2.05181,29.1,-2.30149
16.25109,-32.05099,-1.917511,-0.6938199,-0.1489294,2.044606,29.1,-2.290848
17.13531,-32.05099,-1.916234,-0.6799449,-0.1328474,2.037628,29.1,-2.28054
18.01949,-32.05099,-1.915197,-0.6675545,-0.1170108,2.031576,29.1,-2.2716
18.90371,-32.05099,-1.91416,-0.6551634,-0.1011735,2.025706,29.1,-2.262929
-4.085664,-31.16688,-0.8900684,0.4398335,-0.3754227,1.061422,29.1,-0.8384892
-3.201445,-31.16688,-1.18793,-0.09373054,-0.365206,1.24633,29.1,-1.111635
-2.317227,-31.16688,-1.473016,-0.4789449,-0.4126782,1.602956,29.1,-1.638442
-1.433047,-31.16688,-1.726511,-0.7493365,-0.5049965,1.948683,29.1,-2.149151
-0.5488281,-31.16688,-1.889764,-0.9305422,-0.5498447,2.177027,29.1,-2.48646
0.3353906,-31.16688,-1.953364,-1.00239,-0.5310363,2.258853,29.1,-2.607334
1.219609,-31.16688,-1.979481,-1.02485,-0.5095474,2.286548,29.1,-2.648245
2.103789,-31.16688,-2.005613,-1.037072,-0.4939787,2.31128,29.1,-2.684779
2.988008,-31.16688,-2.007643,-1.020737,-0.4735277,2.30147,29.1,-2.670287
3.872227,-31.16688,-2.007947,-1.004485,-0.4530363,2.290433,29.1,-2.653983
4.756406,-31.16688,-2.004999,-0.9866328,-0.4340812,2.276377,29.1,-2.63322
5.640625,-31.16688,-2.002775,-0.969662,-0.4154321,2.263612,29.1,-2.614363
6.524844,-31.16688,-1.997532,-0.9515775,-0.3953341,2.247649,29.1,-2.590782
7.409023,-31.16688,-1.986801,-0.9317892,-0.3744075,2.226161,29.1,-2.559041
8.293242,-31.16688,-1.976817,-0.9112645,-0.3527789,2.205145,29.1,-2.527996
9.177461,-31.16688,-1.967402,-0.8902776,-0.3307524,2.184642,29.1,-2.49771
10.06164,-31.16688,-1.957582,-0.867551,-0.3100358,2.163537,29.1,-2.466533
10.94586,-31.16688,-1.946278,-0.8451085,-0.2885343,2.141369,29.1,-2.433786
11.83008,-31.16688,-1.938391,-0.8201562,-0.2687413,2.121847,29.1,-2.404949
12.71426,-31.16688,-1.92899,-0.7982698,-0.2474452,2.102253,29.1,-2.376004
13.59848,-31.16688,-1.919864,-0.7772005,-0.2263528,2.083543,29.1,-2.348366
14.48269,-31.16688,-1.914371,-0.7580171,-0.2090049,2.069562,29.1,-2.327713
15.36687,-31.16688,-1.909347,-0.7376595,-0.1905731,2.05574,29.1,-2.307295
16.25109,-31.16688,-1.912251,-0.7204484,-0.1733635,2.050806,29.1,-2.300006
17.13531,-31.16688,-1.909297,-0.6961752,-0.1555665,2.038204,29.1,-2.281391
18.01949,-31.16688,-1.908021,-0.6823021,-0.1394854,2.031142,29.1,-2.270958
18.90371,-31.16688,-1.906984,-0.6699111,-0.1236481,2.025008,29.1,-2.261898
-4.969844,-30.28273,-0.8494323,1.082332,-0.3499922,1.419673,29.1,-1.367697
-4.085664,-30.28273,-0.7800512,0.5155104,-0.173971,0.9510503,29.1,-0.6754476
-3.201445,-30.28273,-0.7376393,0.1358754,-0.06043999,0.7524804,29.1,-0.3821202
-2.317227,-30.28273,-0.8382389,-0.1837844,-0.033016,0.8587847,29.1,-0.5391528
-1.433047,-30.28273,-1.11748,-0.4471611,-0.1813595,1.217212,29.1,-1.068622
-0.5488281,-30.28273,-1.461365,-0.6934531,-0.427964,1.673206,29.1,-1.742216
0.3353906,-30.28273,-1.78212,-0.9432462,-0.5732133,2.096244,29.1,-2.367127
1.219609,-30.28273,-1.889787,-1.011653,-0.5480686,2.212491,29.1,-2.538847
2.103789,-30.28273,-1.949302,-1.028582,-0.5279716,2.266387,29.1,-2.618464
2.988008,-30.28273,-1.993366,-1.045725,-0.5156502,2.309317,29.1,-2.681879
3.872227,-30.28273,-2.002842,-1.033549,-0.4947256,2.307456,29.1,-2.67913
4.756406,-30.28273,-2.005858,-1.018882,-0.4740554,2.299199,29.1,-2.666933
5.640625,-30.28273,-2.002487,-1.00405,-0.4534227,2.285534,29.1,-2.646747
6.524844,-30.28273,-1.995247,-0.9894481,-0.4320832,2.268637,29.1,-2.621787
7.409023,-30.28273,-1.983421,-0.9723977,-0.4110535,2.246882,29.1,-2.589651
8.293242,-30.28273,-1.973253,-0.9519002,-0.3891549,2.225148,29.1,-2.557544
9.177461,-30.28273,-1.961904,-0.9291079,-0.3660693,2.201435,29.1,-2.522516
10.06164,-30.28273,-1.948348,-0.9052644,-0.3422207,2.175472,29.1,-2.484164
10.94586,-30.28273,-1.939265,-0.8809801,-0.3205172,2.153975,29.1,-2.452407
11.83008,-30.28273,-1.928952,-0.854997,-0.3003827,2.131221,29.1,-2.418796
12.71426,-30.28273,-1.920915,-0.8316048,-0.2784504,2.111639,29.1,-2.389868
13.59848,-30.28273,-1.914673,-0.8058485,-0.2541963,2.09284,29.1,-2.3621
14.48269,-30.28273,-1.907133,-0.7822617,-0.2332411,2.074486,29.1,-2.334986
15.36687,-30.28273,-1.902109,-0.7619041,-0.2148093,2.060258,29.1,-2.313968
16.25109,-30.28273,-1.905089,-0.744785,-0.1976074,2.055023,29.1,-2.306236
17.13531,-30.28273,-1.904037,-0.7228044,-0.1800011,2.044555,29.1,-2.290772
18.01949,-30.28273,-1.901083,-0.6985322,-0.1622048,2.031841,29.1,-2.271991
18.90371,-30.28273,-1.899807,-0.6846591,-0.1461231,2.024692,29.1,-2.261431
-10.27508,-29.39861,0.06766402,0.1946372,0.2928286,0.3580652,29.1,0.2005101
-5.854063,-29.39861,-0.8989046,1.415159,-0.3949495,1.722408,29.1,-1.814898
-4.969844,-29.39861,-0.6879016,0.9205052,-0.1849517,1.163935,29.1,-0.9899212
-4.085664,-29.39861,-0.4670643,0.4427081,0.06299003,0.6466121,29.1,-0.2257314
-3.201445,-29.39861,-0.2445818,0.1181642,0.2859232,0.3943794,29.1,0.1468667
-2.317227,-29.39861,-0.183466,-0.1364307,0.3891115,0.4513102,29.1,0.06276863
-1.433047,-29.39861,-0.1787295,-0.2984946,0.420662,0.5458936,29.1,-0.07695001
-0.5488281,-29.39861,-0.190874,-0.2622077,0.3684371,0.4908479,29.1,0.004363438
0.3353906,-29.39861,-0.7572098,-0.4665622,-0.2594736,0.9264845,29.1,-0.639159
1.219609,-29.39861,-1.496768,-0.8064292,-0.5998146,1.802892,29.1,-1.933788
2.103789,-29.39861,-1.763734,-0.9119064,-0.5643679,2.064181,29.1,-2.319764
2.988008,-29.39861,-1.914176,-1.008666,-0.5479486,2.231978,29.1,-2.567634
3.872227,-29.39861,-1.988866,-1.051034,-0.53721,2.312759,29.1,-2.686963
4.756406,-29.39861,-2.001911,-1.055549,-0.5160942,2.321246,29.1,-2.699501
5.640625,-29.39861,-1.998953,-1.045777,-0.4940521,2.309448,29.1,-2.682073
6.524844,-29.39861,-1.991006,-1.032224,-0.4724475,2.291898,29.1,-2.656148
7.409023,-29.39861,-1.978442,-1.013335,-0.4498051,2.267908,29.1,-2.620709
8.293242,-29.39861,-1.965583,-0.9911413,-0.4262048,2.242215,29.1,-2.582756
9.177461,-29.39861,-1.95264,-0.9678333,-0.4023682,2.216169,29.1,-2.54428
10.06164,-29.39861,-1.940338,-0.9423496,-0.37766,2.189877,29.1,-2.505443
10.94586,-29.39861,-1.927861,-0.9174878,-0.3525855,2.163966,29.1,-2.467166
11.83008,-29.39861,-1.918853,-0.8902891,-0.3301692,2.14094,29.1,-2.433152
12.71426,-29.39861,-1.913043,-0.8639769,-0.3050572,2.121144,29.1,-2.403909
13.59848,-29.39861,-1.908501,-0.8354632,-0.2817968,2.102329,29.1,-2.376116
14.48269,-29.39861,-1.901568,-0.8092065,-0.2595782,2.082824,29.1,-2.347303
15.36687,-29.39861,-1.894872,-0.7861483,-0.2390451,2.06536,29.1,-2.321506
16.25109,-29.39861,-1.894032,-0.764424,-0.2214601,2.054446,29.1,-2.305383
17.13531,-29.39861,-1.893056,-0.7425354,-0.2038614,2.043669,29.1,-2.289463
18.01949,-29.39861,-1.89208,-0.7206479,-0.1862635,2.033223,29.1,-2.274033
18.90371,-29.39861,-1.893039,-0.6996872,-0.1686106,2.025238,29.1,-2.262237
-10.27508,-28.51447,-0.1948264,0.5165781,0.4268425,0.6978573,29.1,-0.3014308
-9.390899,-28.51447,-0.000901231,0.34085,0.3019451,0.4553574,29.1,0.05678999
-8.50668,-28.51447,0.06486743,0.1345129,0.2111142,0.2585936,29.1,0.3474495
-7.622461,-28.51447,-0.1190352,-0.1044778,0.04830231,0.1655842,29.1,0.4848431
-6.738281,-28.51447,-0.6178526,0.6888348,-0.2134703,0.9496341,29.1,-0.6733555
-5.854063,-28.51447,-0.7336318,1.019248,-0.2239762,1.275636,29.1,-1.154926
-4.969844,-28.51447,-0.480188,0.6111572,-0.002283619,0.777238,29.1,-0.4186919
-4.085664,-28.51447,-0.2366837,0.2389291,0.2401665,0.4132629,29.1,0.118972
-3.201445,-28.51447,-0.07675897,-0.03868513,0.4084906,0.4174363,29.1,0.1128071
-2.317227,-28.51447,0.01781251,-0.232707,0.4961934,0.5483409,29.1,-0.08056513
-1.433047,-28.51447,0.1026811,-0.3492661,0.5317656,0.6444415,29.1,-0.222525
-0.5488281,-28.51447,0.1916701,-0.3768824,0.5204359,0.6705456,29.1,-0.2610859
0.3353906,-28.51447,-0.5086386,0.5332243,-0.03125428,0.7375759,29.1,-0.3601031
1.219609,-28.51447,-0.8996934,-0.1065727,-0.4870029,1.028581,29.1,-0.7899753
2.103789,-28.51447,-1.262843,-0.4962578,-0.6071569,1.486501,29.1,-1.466415
2.988008,-28.51447,-1.536011,-0.7747261,-0.5579637,1.80855,29.1,-1.942146
3.872227,-28.51447,-1.829589,-0.9519857,-0.5504697,2.13464,29.1,-2.423847
4.756406,-28.51447,-1.985363,-1.066785,-0.5620749,2.322848,29.1,-2.701868
5.640625,-28.51447,-1.994603,-1.088935,-0.5402091,2.335818,29.1,-2.721026
6.524844,-28.51447,-1.983056,-1.079033,-0.5138316,2.31535,29.1,-2.690791
7.409023,-28.51447,-1.967808,-1.05981,-0.4895258,2.288034,29.1,-2.65044
8.293242,-28.51447,-1.95368,-1.034741,-0.4650016,2.259155,29.1,-2.60778
9.177461,-28.51447,-1.939072,-1.008885,-0.4400327,2.229681,29.1,-2.56424
10.06164,-28.51447,-1.92571,-0.9800271,-0.4156476,2.200358,29.1,-2.520925
10.94586,-28.51447,-1.914059,-0.9535561,-0.3897907,2.173667,29.1,-2.481497
11.83008,-28.51447,-1.902041,-0.9258533,-0.3641522,2.146526,29.1,-2.441404
12.71426,-28.51447,-1.896206,-0.8977411,-0.3379939,2.125035,29.1,-2.409658
13.59848,-28.51447,-1.890569,-0.8690491,-0.3117794,2.103973,29.1,-2.378546
14.48269,-28.51447,-1.893118,-0.837898,-0.2878735,2.090177,29.1,-2.358165
15.36687,-28.51447,-1.890121,-0.8116981,-0.2647054,2.074001,29.1,-2.33427
16.25109,-28.51447,-1.888986,-0.7866941,-0.244358,2.060793,29.1,-2.31476
17.13531,-28.51447,-1.888011,-0.7648056,-0.2267593,2.049618,29.1,-2.298251
18.01949,-28.51447,-1.887072,-0.7432778,-0.2091678,2.038935,29.1,-2.282471
18.90371,-28.51447,-1.888701,-0.7200214,-0.1907406,2.030272,29.1,-2.269674
-10.27508,-27.63035,-0.5615292,0.7616792,0.2628754,0.9821271,29.1,-0.7213542
-9.390899,-27.63035,-0.3875329,0.5712306,0.04801733,0.6919479,29.1,-0.2927014
-8.50668,-27.63035,-0.4037262,0.4366466,-0.03389494,0.5956542,29.1,-0.1504564
-7.622461,-27.63035,-0.5485987,0.4811965,-0.1193925,0.7394357,29.1,-0.3628505
-6.738281,-27.63035,-0.7306547,0.9065668,-0.2111166,1.183338,29.1,-1.018584
-5.854063,-27.63035,-0.5600973,0.8154266,-0.1005649,0.9943556,29.1,-0.739418
-4.969844,-27.63035,-0.2982131,0.4223419,0.1378862,0.5350854,29.1,-0.06098411
-4.085664,-27.63035,-0.07756081,0.0855628,0.3427981,0.3617281,29.1,0.1950992
-3.201445,-27.63035,0.03035227,-0.1415717,0.4565706,0.4789787,29.1,0.02189674
-2.317227,-27.63035,0.1376914,-0.2984096,0.5232797,0.617923,29.1,-0.1833518
-1.433047,-27.63035,0.2414917,-0.415386,0.5437508,0.725623,29.1,-0.3424463
0.3353906,-27.63035,-0.1798002,0.1325804,-0.04723771,0.2283355,29.1,0.3921469
1.219609,-27.63035,-0.05848337,-0.1231169,-0.0915854,0.1642131,29.1,0.4868684
2.103789,-27.63035,-0.1410654,-0.03101369,-0.08100855,0.165601,29.1,0.4848182
2.988008,-27.63035,-0.003189915,-0.001671504,-0.003976016,0.00536453,29.1,0.7215195
3.872227,-27.63035,-0.9965675,-0.4831761,-0.4736767,1.204564,29.1,-1.049939
4.756406,-27.63035,-1.711889,-0.9087501,-0.5337118,2.010283,29.1,-2.240146
5.640625,-27.63035,-1.969527,-1.135347,-0.6094654,2.353613,29.1,-2.747313
6.524844,-27.63035,-1.963586,-1.132925,-0.5670569,2.336824,29.1,-2.722512
7.409023,-27.63035,-1.945893,-1.109776,-0.533769,2.302827,29.1,-2.672292
8.293242,-27.63035,-1.932853,-1.080974,-0.5060478,2.271675,29.1,-2.626275
9.177461,-27.63035,-1.920199,-1.049281,-0.479337,2.240071,29.1,-2.579589
10.06164,-27.63035,-1.909114,-1.020689,-0.4528275,2.21169,29.1,-2.537665
10.94586,-27.63035,-1.89782,-0.9883249,-0.4251019,2.181563,29.1,-2.493161
11.83008,-27.63035,-1.885873,-0.9613176,-0.3995503,2.154133,29.1,-2.452641
12.71426,-27.63035,-1.879475,-0.9313153,-0.3721128,2.130315,29.1,-2.417458
13.59848,-27.63035,-1.87406,-0.9010148,-0.3450458,2.107839,29.1,-2.384256
14.48269,-27.63035,-1.874055,-0.8710524,-0.3189505,2.091063,29.1,-2.359474
15.36687,-27.63035,-1.878228,-0.8396805,-0.2952871,2.07846,29.1,-2.340858
16.25109,-27.63035,-1.881153,-0.8131855,-0.2723815,2.067414,29.1,-2.32454
17.13531,-27.63035,-1.883819,-0.7891339,-0.2495847,2.05762,29.1,-2.310073
18.01949,-27.63035,-1.884675,-0.7665942,-0.231563,2.047752,29.1,-2.295496
18.90371,-27.63035,-1.887783,-0.7421001,-0.2125909,2.039518,29.1,-2.283332
-10.27508,-26.74623,-0.8998787,0.9852927,0.06963781,1.336201,29.1,-1.244392
-9.390899,-26.74623,-0.809518,0.7997219,-0.1065303,1.142901,29.1,-0.9588498
-8.50668,-26.74623,-0.7128533,0.6507691,-0.1412433,0.9755049,29.1,-0.7115719
-7.622461,-26.74623,-0.6629179,0.6654135,-0.1457859,0.9505203,29.1,-0.6746645
-6.738281,-26.74623,-0.6167088,0.8003518,-0.1403462,1.020093,29.1,-0.7774375
-5.854063,-26.74623,-0.3385993,0.5752315,0.03336865,0.668322,29.1,-0.2578012
-4.969844,-26.74623,-0.1134452,0.2433717,0.2250931,0.3503805,29.1,0.2118619
-4.085664,-26.74623,0.01859587,-0.006957746,0.3737841,0.3743111,29.1,0.1765117
-3.201445,-26.74623,0.1205692,-0.2023639,0.4725237,0.5279837,29.1,-0.05049348
-2.317227,-26.74623,0.2263054,-0.3620467,0.5225127,0.6747677,29.1,-0.2673228
-1.433047,-26.74623,0.3112269,-0.4617088,0.5152351,0.7586201,29.1,-0.3911897
-0.5488281,-26.74623,-0.260297,0.3335082,-0.02291117,0.4236829,29.1,0.1035797
0.3353906,-26.74623,-0.01815749,-0.112685,-0.104685,0.154876,29.1,0.5006613
1.219609,-26.74623,-0.01996306,-0.1162303,0.05979363,0.1322244,29.1,0.5341221
2.988008,-26.74623,-0.04065159,-0.0225093,-0.1164759,0.1254028,29.1,0.544199
3.872227,-26.74623,0.04356665,-0.1213777,-0.1987983,0.2369628,29.1,0.3794026
4.756406,-26.74623,0.0902705,-0.2192804,-0.1487442,0.2799241,29.1,0.3159402
5.640625,-26.74623,-1.483194,-0.7103991,-0.5371011,1.730032,29.1,-1.826159
6.524844,-26.74623,-1.873739,-1.1479,-0.621748,2.283669,29.1,-2.643991
7.409023,-26.74623,-1.907077,-1.140607,-0.5909689,2.299385,29.1,-2.667207
8.293242,-26.74623,-1.900149,-1.11095,-0.5495043,2.268641,29.1,-2.621792
9.177461,-26.74623,-1.892885,-1.086743,-0.5223923,2.244308,29.1,-2.585848
10.06164,-26.74623,-1.885833,-1.058694,-0.4932185,2.218212,29.1,-2.547299
10.94586,-26.74623,-1.876041,-1.02768,-0.4636021,2.18874,29.1,-2.503762
11.83008,-26.74623,-1.864823,-0.9935545,-0.4333967,2.156976,29.1,-2.456841
12.71426,-26.74623,-1.855162,-0.9635868,-0.4057177,2.129491,29.1,-2.41624
13.59848,-26.74623,-1.849048,-0.9301474,-0.3767053,2.10382,29.1,-2.378319
14.48269,-26.74623,-1.852128,-0.8966433,-0.3495544,2.087231,29.1,-2.353814
15.36687,-26.74623,-1.857484,-0.864757,-0.3245847,2.074466,29.1,-2.334957
16.25109,-26.74623,-1.863542,-0.8364353,-0.3006798,2.06466,29.1,-2.320471
17.13531,-26.74623,-1.871948,-0.8109905,-0.2758346,2.058635,29.1,-2.311572
18.01949,-26.74623,-1.883239,-0.7891533,-0.2536849,2.057597,29.1,-2.310039
18.90371,-26.74623,-1.886866,-0.7641789,-0.2344412,2.049193,29.1,-2.297625
-10.27508,-25.86209,-1.232782,1.041136,-0.0315263,1.613911,29.1,-1.654625
-9.390899,-25.86209,-1.148713,0.9180651,-0.1138857,1.474908,29.1,-1.449291
-8.50668,-25.86209,-0.9270331,0.7472264,-0.1327278,1.198063,29.1,-1.040334
-7.622461,-25.86209,-0.6839294,0.6727742,-0.1124718,0.9659371,29.1,-0.6974383
-6.738281,-25.86209,-0.4507746,0.6346737,-0.04698241,0.7798819,29.1,-0.4225976
-5.854063,-25.86209,-0.1589206,0.391274,0.1222099,0.4396435,29.1,0.08000265
-4.969844,-25.86209,-0.008561959,0.1643198,0.2663145,0.3130459,29.1,0.2670126
-4.085664,-25.86209,0.0882279,-0.0469431,0.3854423,0.3981879,29.1,0.1412408
-3.201445,-25.86209,0.1675606,-0.242894,0.4688554,0.5539851,29.1,-0.08890273
-2.317227,-25.86209,0.2479761,-0.3946596,0.4687796,0.6610619,29.1,-0.2470766
-1.433047,-25.86209,-0.2525612,0.4566135,0.04910702,0.5241131,29.1,-0.0447759
-0.5488281,-25.86209,-0.03376868,0.09349184,-0.04405396,0.1087281,29.1,0.5688308
0.3353906,-25.86209,0.0128754,-0.1347718,-0.04123687,0.1415263,29.1,0.5203813
1.219609,-25.86209,-0.005659955,-0.07595202,0.145789,0.1644846,29.1,0.4864674
2.103789,-25.86209,-0.008003249,-0.0800936,-0.004892482,0.08064101,29.1,0.6103211
2.988008,-25.86209,0.003309675,-0.1530192,-0.005467628,0.1531526,29.1,0.503207
3.872227,-25.86209,0.02890251,-0.1929071,0.01678735,0.1957813,29.1,0.4402359
4.756406,-25.86209,0.00662496,-0.2227169,0.1135928,0.2501,29.1,0.3599963
5.640625,-25.86209,-0.6287194,0.4378884,-0.08198381,0.7705554,29.1,-0.4088205
6.524844,-25.86209,-0.9749702,-0.4209199,-0.2975966,1.102862,29.1,-0.8997034
7.409023,-25.86209,-1.734988,-0.9888276,-0.582754,2.08028,29.1,-2.343546
8.293242,-25.86209,-1.851883,-1.120337,-0.6137798,2.249745,29.1,-2.593879
9.177461,-25.86209,-1.858888,-1.095588,-0.566878,2.230948,29.1,-2.566113
10.06164,-25.86209,-1.859964,-1.085862,-0.5352433,2.219244,29.1,-2.548824
10.94586,-25.86209,-1.852151,-1.063511,-0.5030045,2.194205,29.1,-2.511836
11.83008,-25.86209,-1.839554,-1.032509,-0.4702242,2.161283,29.1,-2.463203
12.71426,-25.86209,-1.830182,-0.9938105,-0.4371447,2.127985,29.1,-2.414016
13.59848,-25.86209,-1.820546,-0.96017,-0.4084349,2.098364,29.1,-2.37026
14.48269,-25.86209,-1.827656,-0.9225604,-0.3792929,2.08214,29.1,-2.346293
15.36687,-25.86209,-1.836597,-0.8862079,-0.3520955,2.069402,29.1,-2.327477
16.25109,-25.86209,-1.847079,-0.8579048,-0.3271771,2.062703,29.1,-2.317581
17.13531,-25.86209,-1.857974,-0.831965,-0.3018574,2.057997,29.1,-2.310628
18.01949,-25.86209,-1.876245,-0.8094161,-0.2796727,2.062441,29.1,-2.317194
18.90371,-25.86209,-1.885948,-0.786258,-0.256292,2.059293,29.1,-2.312543
-10.27508,-24.97797,-1.333664,0.9914927,-0.05399103,1.662719,29.1,-1.726724
-9.390899,-24.97797,-1.372354,0.8547087,-0.05886313,1.617821,29.1,-1.660402
-8.50668,-24.97797,-1.087088,0.5677093,-0.05517273,1.22764,29.1,-1.084025
-7.622461,-24.97797,-0.6221453,0.503046,-0.04553612,0.8013698,29.1,-0.4543396
-6.738281,-24.97797,-0.2651834,0.4687416,0.01483372,0.5387588,29.1,-0.06641041
-5.854063,-24.97797,-0.02495646,0.3030404,0.1451117,0.336918,29.1,0.2317487
-4.969844,-24.97797,0.0871106,0.1326662,0.2724612,0.3153152,29.1,0.2636604
-4.085664,-24.97797,0.1439203,-0.03140212,0.3715612,0.3996959,29.1,0.1390132
-3.201445,-24.97797,0.1604465,-0.2081797,0.4523009,0.5231233,29.1,-0.04331366
-2.317227,-24.97797,0.0490965,-0.2094276,0.2215507,0.3087962,29.1,0.2732902
-1.433047,-24.97797,0.2824585,0.1957387,0.2709008,0.4375885,29.1,0.08303821
-0.5488281,-24.97797,0.207046,0.07686253,0.1048554,0.2444802,29.1,0.3682978
0.3353906,-24.97797,0.1177952,-0.05253021,0.09008916,0.1573251,29.1,0.4970434
1.219609,-24.97797,-0.01099599,-0.01422465,0.02110739,0.02772678,29.1,0.688486
2.103789,-24.97797,-0.02784526,-0.1331275,0.0297692,0.1392282,29.1,0.5237762
2.988008,-24.97797,-0.02877329,-0.1708917,-0.003515794,0.1733328,29.1,0.4733968
3.872227,-24.97797,-0.01469672,-0.1117861,0.01970766,0.1144575,29.1,0.5603673
5.640625,-24.97797,-0.1681916,0.1288791,-0.07150909,0.2236331,29.1,0.3990932
6.524844,-24.97797,0.01988119,-0.206753,-0.08456071,0.2242601,29.1,0.398167
7.409023,-24.97797,0.07511316,-0.2422844,0.001904067,0.2536678,29.1,0.3547259
8.293242,-24.97797,-1.513559,-0.7080121,-0.5531441,1.760145,29.1,-1.870642
9.177461,-24.97797,-1.873789,-1.020569,-0.6249165,2.223324,29.1,-2.55485
10.06164,-24.97797,-1.842305,-1.081422,-0.578829,2.213279,29.1,-2.540012
10.94586,-24.97797,-1.821988,-1.095768,-0.5402834,2.193685,29.1,-2.511067
11.83008,-24.97797,-1.80991,-1.069655,-0.5058576,2.162366,29.1,-2.464803
12.71426,-24.97797,-1.796359,-1.033234,-0.4708896,2.125139,29.1,-2.409811
13.59848,-24.97797,-1.794693,-0.9822559,-0.4364524,2.091947,29.1,-2.36078
14.48269,-24.97797,-1.796223,-0.9408768,-0.4074121,2.068248,29.1,-2.325772
15.36687,-24.97797,-1.807661,-0.8953283,-0.3771185,2.052187,29.1,-2.302046
16.25109,-24.97797,-1.830065,-0.866556,-0.3522315,2.055268,29.1,-2.306597
17.13531,-24.97797,-1.846817,-0.8418369,-0.3269452,2.0558,29.1,-2.307384
18.01949,-24.97797,-1.868013,-0.8266432,-0.3060941,2.065552,29.1,-2.321789
18.90371,-24.97797,-1.884104,-0.8074171,-0.2836047,2.069348,29.1,-2.327397
-10.27508,-24.09383,-1.077755,0.8533344,0.03324217,1.375078,29.1,-1.301822
-9.390899,-24.09383,-0.9706228,0.9840401,0.112703,1.386775,29.1,-1.319101
-8.50668,-24.09383,-0.6189048,-0.2425086,0.02979612,0.6653881,29.1,-0.2534673
-7.622461,-24.09383,-0.323724,0.2428016,0.009189472,0.4047645,29.1,0.1315259
-6.738281,-24.09383,-0.0798161,0.3504377,0.03212722,0.3608453,29.1,0.1964034
-5.854063,-24.09383,0.09233645,0.2796967,0.1350588,0.3240326,29.1,0.250783
-4.969844,-24.09383,0.1678796,0.1818365,0.2367886,0.3425156,29.1,0.22348
-4.085664,-24.09383,0.2073651,0.0686563,0.346968,0.4100009,29.1,0.1237906
-3.201445,-24.09383,0.1826521,-0.0575294,0.4417595,0.4814799,29.1,0.01820188
-2.317227,-24.09383,0.008732563,-0.08924569,-0.0272342,0.09371634,29.1,0.5910062
-1.433047,-24.09383,0.02751488,-0.000346989,-0.06657539,0.07203798,29.1,0.6230295
-0.5488281,-24.09383,0.1590941,0.02787687,0.1197888,0.2010905,29.1,0.4323931
0.3353906,-24.09383,0.3197707,0.1621121,0.1955281,0.4083685,29.1,0.126202
1.219609,-24.09383,0.01278227,-0.002477185,0.08357601,0.08458411,29.1,0.6044964
2.103789,-24.09383,-0.07231539,-0.1316641,0.03574609,0.1544109,29.1,0.5013481
2.988008,-24.09383,-0.08091975,-0.1741934,-0.04184035,0.1965756,29.1,0.4390626
4.756406,-24.09383,0.05158637,0.1487891,0.01011442,0.1578026,29.1,0.496338
5.640625,-24.09383,0.1015837,-0.01844472,-0.05159426,0.1154184,29.1,0.5589479
6.524844,-24.09383,0.1258194,-0.2391897,-0.0275862,0.2716675,29.1,0.3281368
7.409023,-24.09383,-0.7220301,0.9880215,-0.07915363,1.226287,29.1,-1.082027
8.293242,-24.09383,-0.5760763,0.0531481,-0.248611,0.6296794,29.1,-0.2007184
9.177461,-24.09383,-1.010246,-0.2995834,-0.4144267,1.132297,29.1,-0.943185
10.06164,-24.09383,-1.871944,-1.12604,-0.629123,2.273309,29.1,-2.628688
10.94586,-24.09383,-1.77038,-1.094761,-0.5741703,2.159264,29.1,-2.46022
11.83008,-24.09383,-1.781531,-1.100281,-0.5372157,2.161728,29.1,-2.463861
12.71426,-24.09383,-1.75024,-1.085349,-0.5012146,2.119561,29.1,-2.401571
13.59848,-24.09383,-1.733285,-1.027909,-0.4676566,2.068714,29.1,-2.32646
14.48269,-24.09383,-1.743991,-0.9530329,-0.4356498,2.034592,29.1,-2.276055
15.36687,-24.09383,-1.772496,-0.898089,-0.4043166,2.027752,29.1,-2.265951
16.25109,-24.09383,-1.807477,-0.8680034,-0.3804219,2.040864,29.1,-2.28532
17.13531,-24.09383,-1.841507,-0.8420365,-0.3562604,2.05599,29.1,-2.307665
18.01949,-24.09383,-1.864265,-0.8286945,-0.3327228,2.067105,29.1,-2.324083
18.90371,-24.09383,-1.885218,-0.814339,-0.3120155,2.077149,29.1,-2.338921
-10.27508,-23.20971,-0.3231964,0.4297789,0.1045464,0.54781,29.1,-0.0797809
-6.738281,-23.20971,0.1694631,0.2485527,-0.007539455,0.3009203,29.1,0.2849245
-5.854063,-23.20971,0.2137679,0.3037584,0.04596397,0.3742707,29.1,0.1765713
-4.969844,-23.20971,0.2461767,0.2771403,0.1551467,0.401846,29.1,0.1358371
-4.085664,-23.20971,0.2802684,0.2328246,0.2950687,0.4688531,29.1,0.03685424
-3.201445,-23.20971,0.3373988,0.2031264,0.3857886,0.5512995,29.1,-0.08493559
-2.317227,-23.20971,0.09282874,0.05722651,0.0863833,0.1391191,29.1,0.5239373
-1.433047,-23.20971,-0.06495034,0.003471313,0.06245086,0.09017043,29.1,0.5962442
0.3353906,-23.20971,-0.07426378,0.143012,0.03075119,0.1640524,29.1,0.4871059
1.219609,-23.20971,-0.07467534,0.09362762,0.07989195,0.1439627,29.1,0.5167823
2.103789,-23.20971,-0.1111603,-0.1063894,0.01608031,0.1547058,29.1,0.5009126
2.988008,-23.20971,-0.1131782,-0.1490757,-0.04888291,0.1934487,29.1,0.4436815
3.872227,-23.20971,-0.1034542,-0.1138294,-0.1203488,0.1953042,29.1,0.4409406
4.756406,-23.20971,0.2378681,0.1245439,0.2052485,0.3379636,29.1,0.2302041
5.640625,-23.20971,0.1946891,0.04521133,0.03424378,0.202782,29.1,0.4298944
6.524844,-23.20971,0.08366591,-0.1711244,0.1642704,0.2515319,29.1,0.3578811
7.409023,-23.20971,-0.1833345,0.1281606,-0.1460661,0.2671553,29.1,0.3348021
8.293242,-23.20971,0.05279651,-0.2890367,-0.05295217,0.2985525,29.1,0.2884222
9.177461,-23.20971,0.0250585,-0.1421046,0.04759884,0.1519451,29.1,0.5049908
10.94586,-23.20971,-1.580453,-0.7392601,-0.5219902,1.821211,29.1,-1.960849
11.83008,-23.20971,-1.740031,-1.106102,-0.5744417,2.140363,29.1,-2.432301
12.71426,-23.20971,-1.675965,-1.124691,-0.5286263,2.08644,29.1,-2.352646
13.59848,-23.20971,-1.622018,-1.055177,-0.4910968,1.996376,29.1,-2.219603
14.48269,-23.20971,-1.665417,-0.9578618,-0.4620005,1.975996,29.1,-2.189497
15.36687,-23.20971,-1.73841,-0.9012634,-0.4339714,2.005661,29.1,-2.233318
16.25109,-23.20971,-1.787471,-0.8621511,-0.4079961,2.026035,29.1,-2.263415
17.13531,-23.20971,-1.838202,-0.8404514,-0.384592,2.057488,29.1,-2.309877
18.01949,-23.20971,-1.872444,-0.8296762,-0.3627748,2.079907,29.1,-2.342995
18.90371,-23.20971,-1.892961,-0.8221087,-0.3399777,2.09159,29.1,-2.360252
-5.854063,-22.32559,0.3596541,0.2651074,-0.06020933,0.4508416,29.1,0.06346073
-4.969844,-22.32559,0.3185607,0.3612087,0.008484865,0.4816894,29.1,0.0178924
-4.085664,-22.32559,0.3134032,0.3510954,0.1546384,0.4953812,29.1,-0.002333109
-3.201445,-22.32559,0.3466477,0.2790003,0.2954111,0.53411,29.1,-0.05954322
-2.317227,-22.32559,0.2835939,0.1930622,0.1591397,0.3781851,29.1,0.170789
-1.433047,-22.32559,0.1617039,0.144886,-0.02513257,0.2185675,29.1,0.4065761
-0.5488281,-22.32559,-0.1051231,0.1718349,-0.2203181,0.2985266,29.1,0.2884604
0.3353906,-22.32559,-0.1824364,0.184344,0.01014851,0.2595549,29.1,0.3460295
1.219609,-22.32559,-0.1187852,0.0870499,-0.02004312,0.1486248,29.1,0.5098954
2.103789,-22.32559,-0.1087973,-0.06333776,-0.01674691,0.1269999,29.1,0.5418397
2.988008,-22.32559,-0.1188331,-0.1331341,-0.04975135,0.1852598,29.1,0.4557783
3.872227,-22.32559,-0.05480488,-0.07316864,-0.09779202,0.1338675,29.1,0.5316949
4.756406,-22.32559,-0.01240475,0.008713977,-0.01936354,0.02459183,29.1,0.693117
5.640625,-22.32559,0.04517771,0.2110297,0.1388914,0.2566425,29.1,0.3503317
6.524844,-22.32559,-0.2046096,0.4359319,-0.05955286,0.4852301,29.1,0.0126621
7.409023,-22.32559,0.0777014,-0.1284091,-0.08343288,0.1717191,29.1,0.4757805
8.293242,-22.32559,0.08366776,-0.288449,0.08873136,0.3131715,29.1,0.266827
9.177461,-22.32559,0.004148423,-0.1656623,0.2738193,0.3200597,29.1,0.2566518
10.06164,-22.32559,-0.3763601,0.2646644,-0.1831342,0.4952093,29.1,-0.002079252
10.94586,-22.32559,-0.2235654,-0.2591028,-0.230385,0.4125445,29.1,0.1200332
11.83008,-22.32559,-0.3761925,-0.3258838,-0.1822047,0.5300185,29.1,-0.05349933
12.71426,-22.32559,-1.541515,-1.379039,-0.5333054,2.135985,29.1,-2.425833
13.59848,-22.32559,-1.395986,-1.031425,-0.5133963,1.810025,29.1,-1.944325
14.48269,-22.32559,-1.563953,-0.892363,-0.4839605,1.864531,29.1,-2.024842
15.36687,-22.32559,-1.689422,-0.8439711,-0.4590847,1.9435,29.1,-2.141494
16.25109,-22.32559,-1.776289,-0.8436445,-0.4360509,2.01422,29.1,-2.245961
17.13531,-22.32559,-1.839295,-0.8309348,-0.4131218,2.060128,29.1,-2.313777
18.01949,-22.32559,-1.875003,-0.8391852,-0.3934096,2.091563,29.1,-2.360214
18.90371,-22.32559,-1.905438,-0.8352638,-0.37249,2.113553,29.1,-2.392697
-4.969844,-21.44144,0.1731185,0.2337536,-0.07677681,0.3008413,29.1,0.2850413
-4.085664,-21.44144,0.3179613,0.3801881,-0.005533935,0.4956541,29.1,-0.002736251
-3.201445,-21.44144,0.311324,0.3346532,0.1148653,0.4712849,29.1,0.03326195
-2.317227,-21.44144,0.2266254,0.2334023,0.1226059,0.3476606,29.1,0.2158798
-1.433047,-21.44144,0.06622677,0.1801074,0.01025006,0.1921711,29.1,0.4455688
-0.5488281,-21.44144,-0.2169758,0.2939047,-0.08082031,0.3741529,29.1,0.1767453
1.219609,-21.44144,-0.01261636,0.01618166,0.01712618,0.02672686,29.1,0.6899631
2.103789,-21.44144,-0.01360483,-0.01338185,0.02123015,0.02854618,29.1,0.6872756
2.988008,-21.44144,0.05072306,-0.1793621,-2.72E-05,0.1863963,29.1,0.4540994
3.872227,-21.44144,-0.04130613,-0.07609542,-0.08818553,0.1235856,29.1,0.5468833
4.756406,-21.44144,-0.05304079,0.0696165,0.002573271,0.08755801,29.1,0.6001033
5.640625,-21.44144,-0.1823865,0.4419759,0.03179064,0.4791849,29.1,0.02159205
6.524844,-21.44144,0.01727103,0.1965261,-0.0538113,0.2044907,29.1,0.4273703
7.409023,-21.44144,0.2198359,0.01532041,0.04996765,0.2259631,29.1,0.3956514
8.293242,-21.44144,0.1181811,-0.1852155,0.272338,0.3499136,29.1,0.2125516
9.177461,-21.44144,-0.4168393,0.5323414,-0.04555825,0.6776562,29.1,-0.2715897
10.06164,-21.44144,0.0436096,-0.1858107,-0.1516513,0.2437736,29.1,0.3693417
10.94586,-21.44144,0.1040662,-0.2859947,-0.01420934,0.3046714,29.1,0.2793834
11.83008,-21.44144,0.04517749,-0.1313486,0.1823125,0.2291971,29.1,0.390874
12.71426,-21.44144,0.01095415,-0.5854881,-0.6781891,0.8960228,29.1,-0.5941609
13.59848,-21.44144,-1.135328,-0.7205054,-0.5212885,1.442165,29.1,-1.400922
14.48269,-21.44144,-1.487338,-0.7247909,-0.5007123,1.728644,29.1,-1.824109
15.36687,-21.44144,-1.657125,-0.7638664,-0.4847166,1.88799,29.1,-2.059495
16.25109,-21.44144,-1.762002,-0.7947897,-0.4644162,1.98797,29.1,-2.207185
17.13531,-21.44144,-1.843951,-0.8186872,-0.4421702,2.065409,29.1,-2.321579
18.01949,-21.44144,-1.882178,-0.8320569,-0.4226558,2.100845,29.1,-2.373924
18.90371,-21.44144,-1.91792,-0.8447174,-0.4028176,2.134063,29.1,-2.422994
-4.085664,-20.55732,0.2612557,0.3114763,-0.08045211,0.4144208,29.1,0.1172616
-3.201445,-20.55732,0.2847798,0.4274583,0.04658785,0.5157427,29.1,-0.03241109
-2.317227,-20.55732,0.1417054,0.3614572,0.127041,0.4084986,29.1,0.1260099
-1.433047,-20.55732,-0.08465749,0.2659954,0.03260576,0.2810402,29.1,0.3142914
-0.5488281,-20.55732,-0.1107296,0.2244357,-0.02876731,0.2519127,29.1,0.3573186
1.219609,-20.55732,0.01192848,0.01192173,-0.01035919,0.01979214,29.1,0.7002071
2.103789,-20.55732,0.05673582,-0.03752488,-0.006328076,0.06831628,29.1,0.6285272
2.988008,-20.55732,0.07895996,-0.09351587,-0.03054236,0.1261457,29.1,0.5431016
3.872227,-20.55732,-0.05044257,0.03942516,-0.05743885,0.08601174,29.1,0.6023875
4.756406,-20.55732,-0.1841081,0.2712193,0.03392939,0.3295557,29.1,0.2426244
5.640625,-20.55732,-0.2754689,0.3810377,0.0593877,0.4739196,29.1,0.02936997
6.524844,-20.55732,-0.2137171,-0.1405839,0.1819347,0.3139093,29.1,0.2657371
7.409023,-20.55732,-0.03456164,-0.09675778,0.03035036,0.1071341,29.1,0.5711855
8.293242,-20.55732,-0.254755,0.337853,-0.02904782,0.4241327,29.1,0.1029152
9.177461,-20.55732,-0.03767855,0.003325546,-0.08966374,0.09731556,29.1,0.5856895
10.06164,-20.55732,0.1670361,-0.3212454,-0.04518005,0.3648848,29.1,0.1904362
10.94586,-20.55732,0.08117026,-0.2054701,0.1531108,0.2687926,29.1,0.3323835
11.83008,-20.55732,-0.3213597,0.5906562,-0.8113619,1.053781,29.1,-0.8272017
12.71426,-20.55732,-0.8281932,0.03188941,-0.557416,0.9988161,29.1,-0.7460071
13.59848,-20.55732,-1.21156,-0.3169443,-0.5335968,1.36127,29.1,-1.281425
14.48269,-20.55732,-1.512513,-0.5341962,-0.5222937,1.686965,29.1,-1.762541
15.36687,-20.55732,-1.681218,-0.6440334,-0.5113693,1.871569,29.1,-2.035238
16.25109,-20.55732,-1.785888,-0.757951,-0.4989026,2.003195,29.1,-2.229675
17.13531,-20.55732,-1.867915,-0.8094728,-0.4783996,2.091224,29.1,-2.359712
18.01949,-20.55732,-1.901101,-0.8490543,-0.4576995,2.131799,29.1,-2.41965
18.90371,-20.55732,-1.93213,-0.8643144,-0.4388345,2.161653,29.1,-2.46375
-3.201445,-19.67318,0.250641,0.5644816,0.07238451,0.6218519,29.1,-0.1891557
-2.317227,-19.67318,-0.1105366,0.621474,0.1141454,0.6414651,29.1,-0.2181283
-1.433047,-19.67318,-0.4434722,0.3610674,0.03846131,0.5731636,29.1,-0.1172333
-0.5488281,-19.67318,-0.5177374,-0.0498312,-0.001856507,0.5201333,29.1,-0.0388969
0.3353906,-19.67318,-0.3120952,-0.1796295,-0.01651284,0.3604759,29.1,0.196949
1.219609,-19.67318,0.05461132,0.07160334,-0.1801054,0.2013638,29.1,0.4319894
2.103789,-19.67318,0.04640713,-0.1151024,0.04932952,0.1335499,29.1,0.532164
2.988008,-19.67318,-0.009399054,-0.006154766,-0.02247857,0.02512985,29.1,0.6923222
3.872227,-19.67318,-0.1502777,0.1967203,-0.01229351,0.2478576,29.1,0.3633087
4.756406,-19.67318,-0.2504707,0.3864254,0.02689724,0.4612848,29.1,0.04803411
6.524844,-19.67318,0.006184548,0.02495639,0.06280337,0.06786261,29.1,0.6291974
7.409023,-19.67318,-0.0628577,-0.03812331,-0.06269076,0.09661578,29.1,0.5867231
8.293242,-19.67318,-0.03602548,0.2364315,-0.02207484,0.240177,29.1,0.3746546
9.177461,-19.67318,0.1752231,-0.09463781,-0.055954,0.2068581,29.1,0.4238732
10.06164,-19.67318,0.1684533,-0.2588677,0.1420623,0.3399569,29.1,0.2272596
11.83008,-19.67318,-0.8909824,0.7620345,-0.5899048,1.312454,29.1,-1.209312
12.71426,-19.67318,-1.086542,0.2832451,-0.5566968,1.253281,29.1,-1.121902
13.59848,-19.67318,-1.350303,-0.101197,-0.5429282,1.45888,29.1,-1.425613
14.48269,-19.67318,-1.574012,-0.3489899,-0.5383062,1.69973,29.1,-1.781397
15.36687,-19.67318,-1.744032,-0.5573224,-0.5416106,1.909345,29.1,-2.091041
16.25109,-19.67318,-1.830808,-0.6843992,-0.5300675,2.02515,29.1,-2.262108
17.13531,-19.67318,-1.897221,-0.7932285,-0.5156478,2.120035,29.1,-2.402272
18.01949,-19.67318,-1.926926,-0.8501974,-0.4974212,2.164095,29.1,-2.467357
18.90371,-19.67318,-1.947062,-0.8888664,-0.4772535,2.192922,29.1,-2.50994
-3.201445,-18.78906,-0.8067562,1.195898,0.1042186,1.446337,29.1,-1.407085
-2.317227,-18.78906,-0.7528945,0.8631671,0.07830701,1.148059,29.1,-0.9664688
-1.433047,-18.78906,-0.9738681,0.3303345,-0.07084499,1.030805,29.1,-0.7932613
-0.5488281,-18.78906,-0.9465832,-0.1058796,-0.09645769,0.9573579,29.1,-0.6847652
0.3353906,-18.78906,-0.8617248,-0.2830511,-0.04403807,0.9080897,29.1,-0.6119861
1.219609,-18.78906,-0.7245805,-0.387823,0.05357319,0.8235859,29.1,-0.4871571
2.103789,-18.78906,-0.1317038,-0.0874052,0.0660065,0.1712963,29.1,0.4764051
2.988008,-18.78906,-0.134352,0.07274178,0.03468326,0.1566677,29.1,0.4980145
3.872227,-18.78906,-0.1638286,0.2947257,0.03181293,0.3386962,29.1,0.2291221
4.756406,-18.78906,-0.164967,0.3923947,0.01700686,0.4260011,29.1,0.1001552
5.640625,-18.78906,-0.06767043,-0.02689369,0.07219274,0.1025395,29.1,0.5779727
6.524844,-18.78906,0.09374551,0.07351268,0.08045246,0.143753,29.1,0.517092
7.409023,-18.78906,-0.0106864,-0.02654019,0.002781332,0.02874572,29.1,0.6869808
8.293242,-18.78906,0.08765841,-0.006086326,-0.133541,0.1598569,29.1,0.4933034
9.177461,-18.78906,0.2152352,-0.07141225,0.03728225,0.229817,29.1,0.3899583
10.06164,-18.78906,0.0990491,-0.1309136,0.385804,0.4192778,29.1,0.1100869
10.94586,-18.78906,-0.9912595,1.310293,-0.6868167,1.780781,29.1,-1.901126
11.83008,-18.78906,-1.072409,0.8608541,-0.5549204,1.482925,29.1,-1.461133
12.71426,-18.78906,-1.218971,0.4088637,-0.5376714,1.39361,29.1,-1.329197
13.59848,-18.78906,-1.418306,0.06019485,-0.5346369,1.516921,29.1,-1.511352
14.48269,-18.78906,-1.551751,-0.2465203,-0.5327576,1.659076,29.1,-1.721343
15.36687,-18.78906,-1.66134,-0.4739609,-0.5295192,1.806953,29.1,-1.939788
16.25109,-18.78906,-1.842247,-0.6615211,-0.5705959,2.038888,29.1,-2.282401
17.13531,-18.78906,-1.883527,-0.783982,-0.5616352,2.116066,29.1,-2.396409
18.01949,-18.78906,-1.916152,-0.8730269,-0.546804,2.175502,29.1,-2.484208
18.90371,-18.78906,-1.937467,-0.916595,-0.5277752,2.207367,29.1,-2.531279
-3.201445,-17.90494,-0.9192007,1.116071,0.08546443,1.448395,29.1,-1.410126
-2.317227,-17.90494,-1.190854,0.9367046,-0.1541304,1.522927,29.1,-1.520223
-1.433047,-17.90494,-1.041882,0.3707005,-0.183724,1.121022,29.1,-0.9265301
-0.5488281,-17.90494,-0.8120432,-0.1657235,-0.09222333,0.8338966,29.1,-0.5023881
0.3353906,-17.90494,-0.9600347,-0.3284497,-0.07423446,1.017377,29.1,-0.7734258
1.219609,-17.90494,-0.9723668,-0.3351582,-0.0625712,1.030409,29.1,-0.7926766
2.103789,-17.90494,-0.8885094,-0.3506644,-0.01040345,0.9552605,29.1,-0.6816669
3.872227,-17.90494,-0.06249781,0.2256201,0.09720657,0.2534946,29.1,0.3549818
4.756406,-17.90494,0.01871753,0.2689283,0.06254514,0.2767394,29.1,0.3206446
5.640625,-17.90494,0.13888,0.09283471,0.08785558,0.1887447,29.1,0.4506304
6.524844,-17.90494,0.176398,-0.01558464,0.2070428,0.2724442,29.1,0.3269894
8.293242,-17.90494,0.004383507,0.04014355,0.05757402,0.07032416,29.1,0.6255611
9.177461,-17.90494,0.0172177,0.09378696,0.1317565,0.1626414,29.1,0.4891901
10.06164,-17.90494,-1.10823,1.652266,-0.7527871,2.127169,29.1,-2.412809
10.94586,-17.90494,-1.116688,1.290753,-0.5563819,1.795159,29.1,-1.922366
11.83008,-17.90494,-1.13461,0.8843039,-0.5014153,1.523401,29.1,-1.520923
12.71426,-17.90494,-1.22269,0.491433,-0.4705973,1.399264,29.1,-1.337548
13.59848,-17.90494,-1.334928,0.1336603,-0.4747061,1.42311,29.1,-1.372775
14.48269,-17.90494,-1.425808,-0.1453488,-0.4930752,1.515644,29.1,-1.509466
15.36687,-17.90494,-1.547512,-0.4022983,-0.5094219,1.678138,29.1,-1.749502
16.25109,-17.90494,-1.718436,-0.589466,-0.5681455,1.903492,29.1,-2.082394
17.13531,-17.90494,-1.862836,-0.7679085,-0.6100485,2.105232,29.1,-2.380404
18.01949,-17.90494,-1.888458,-0.8585779,-0.5938535,2.157797,29.1,-2.458054
18.90371,-17.90494,-1.916544,-0.9423161,-0.5794216,2.212878,29.1,-2.53942
-4.085664,-17.0208,-0.821612,1.110104,0.1032559,1.384933,29.1,-1.316379
-3.201445,-17.0208,-0.9275881,1.108622,-0.01730294,1.445601,29.1,-1.405998
-2.317227,-17.0208,-0.6569087,0.8199434,-0.1736821,1.064895,29.1,-0.8436192
1.219609,-17.0208,-0.7129674,-0.2619035,-0.05359805,0.7614385,29.1,-0.395353
2.103789,-17.0208,-1.04094,-0.3258338,-0.1241241,1.097785,29.1,-0.8922036
2.988008,-17.0208,-0.8644741,-0.3857504,-0.1156652,0.9536756,29.1,-0.6793255
3.872227,-17.0208,-0.4228621,-0.2420802,-0.05223717,0.4900448,29.1,0.005549851
4.756406,-17.0208,0.2289937,0.1592911,0.1539331,0.3186019,29.1,0.2588052
5.640625,-17.0208,0.3253715,0.003326584,0.1408858,0.3545793,29.1,0.2056594
6.524844,-17.0208,0.3762124,0.0064985,0.1387316,0.4010293,29.1,0.1370435
7.409023,-17.0208,0.3481139,0.1512618,0.2140273,0.435742,29.1,0.08576592
8.293242,-17.0208,0.31304,0.2619217,0.2464991,0.4768216,29.1,0.02508315
10.06164,-17.0208,-1.202412,1.582484,-0.567153,2.066812,29.1,-2.323651
10.94586,-17.0208,-1.105943,1.224736,-0.4715053,1.716218,29.1,-1.805753
11.83008,-17.0208,-1.04845,0.8412085,-0.36779,1.39361,29.1,-1.329197
12.71426,-17.0208,-1.035373,0.4870791,-0.2726738,1.176263,29.1,-1.008132
13.59848,-17.0208,-1.072651,0.1958374,-0.2462817,1.117849,29.1,-0.9218425
14.48269,-17.0208,-1.085276,0.0543002,-0.1897257,1.103072,29.1,-0.9000138
15.36687,-17.0208,-1.059394,-0.2496829,-0.2226761,1.110964,29.1,-0.9116726
16.25109,-17.0208,-1.346428,-0.5297062,-0.4706085,1.521489,29.1,-1.5181
17.13531,-17.0208,-1.492825,-0.7057353,-0.5283635,1.733711,29.1,-1.831595
18.01949,-17.0208,-1.749518,-0.8457645,-0.6530726,2.050033,29.1,-2.298865
18.90371,-17.0208,-1.800909,-0.9633679,-0.6406626,2.140514,29.1,-2.432523
-4.969844,-16.13668,-0.7836503,1.104918,0.1276484,1.360605,29.1,-1.280442
-4.085664,-16.13668,-0.879162,1.142762,0.03332416,1.4422,29.1,-1.400974
-3.201445,-16.13668,-0.6838324,0.9605249,-0.06090314,1.180654,29.1,-1.014618
3.872227,-16.13668,-0.6679879,-0.4437259,-0.1177253,0.8105305,29.1,-0.4678716
4.756406,-16.13668,-0.3027863,-0.2889274,-0.06470799,0.4234923,29.1,0.1038613
5.640625,-16.13668,0.02281816,-0.220894,0.04346638,0.2262833,29.1,0.3951783
6.524844,-16.13668,0.1433864,-0.02566323,0.146494,0.2065884,29.1,0.4242716
7.409023,-16.13668,0.1523486,0.1980166,0.1877766,0.3125391,29.1,0.2677612
8.293242,-16.13668,-0.06718986,0.3765839,0.146441,0.4096034,29.1,0.1243779
9.177461,-16.13668,-1.269297,1.690368,-0.5846007,2.19322,29.1,-2.510381
10.06164,-16.13668,-1.125165,1.442527,-0.4655368,1.887751,29.1,-2.059142
10.94586,-16.13668,-0.964375,1.059693,-0.325511,1.469328,29.1,-1.441048
11.83008,-16.13668,-0.8394996,0.7261761,-0.1492841,1.11999,29.1,-0.9250048
12.71426,-16.13668,-0.7721246,0.6032179,0.01415078,0.9799227,29.1,-0.7180977
13.59848,-16.13668,-0.7158192,0.4358884,0.1254099,0.8474216,29.1,-0.5223672
14.48269,-16.13668,-0.6796633,0.417513,0.269008,0.8417984,29.1,-0.5140606
15.36687,-16.13668,-0.588206,0.309447,0.3506895,0.7514831,29.1,-0.3806468
16.25109,-16.13668,-0.9191751,-0.4364575,-0.208807,1.038739,29.1,-0.8049811
17.13531,-16.13668,-1.246066,-0.6993327,-0.4973806,1.512989,29.1,-1.505543
18.01949,-16.13668,-1.570328,-0.8688594,-0.6807788,1.919454,29.1,-2.105974
18.90371,-16.13668,-1.684761,-0.9910665,-0.6954063,2.074662,29.1,-2.335247
-9.390899,-15.25254,-0.01366497,-0.04616825,0.7435024,0.7450597,29.1,-0.3711582
-8.50668,-15.25254,0.04161568,-0.02104742,0.804158,0.8055091,29.1,-0.460454
-4.969844,-15.25254,-0.8249214,1.121304,0.1152428,1.396817,29.1,-1.333935
-4.085664,-15.25254,-0.7741914,1.055326,0.0102066,1.308888,29.1,-1.204046
-3.201445,-15.25254,-0.5269706,0.78147,-0.0683834,0.9450237,29.1,-0.6665449
4.756406,-15.25254,-0.8597252,-0.6411516,-0.1347047,1.080902,29.1,-0.8672637
5.640625,-15.25254,-0.5955385,-0.5603879,-0.08971388,0.8226478,29.1,-0.4857713
6.524844,-15.25254,-0.3442816,-0.09440956,0.0467475,0.3600394,29.1,0.1975938
7.409023,-15.25254,-0.5389765,0.5137632,-0.06274969,0.7472522,29.1,-0.374397
8.293242,-15.25254,-1.076709,1.346461,-0.4143049,1.773107,29.1,-1.889789
9.177461,-15.25254,-1.127019,1.559814,-0.4743845,1.981977,29.1,-2.198332
10.06164,-15.25254,-0.9404762,1.237653,-0.328757,1.588824,29.1,-1.617567
10.94586,-15.25254,-0.7441382,0.8664038,-0.116847,1.148064,29.1,-0.9664757
11.83008,-15.25254,-0.6144505,0.6191208,0.09985272,0.8779695,29.1,-0.5674925
12.71426,-15.25254,-0.4839382,0.4501872,0.3236969,0.7359649,29.1,-0.3577233
13.59848,-15.25254,-0.3776146,0.4000827,0.4948695,0.7399694,29.1,-0.3636388
14.48269,-15.25254,-0.2938829,0.3528606,0.6163298,0.7685963,29.1,-0.4059264
15.36687,-15.25254,-0.2466475,0.3450538,0.7261658,0.8409601,29.1,-0.5128222
16.25109,-15.25254,-0.3494772,-0.1226574,0.2876009,0.468928,29.1,0.03674351
17.13531,-15.25254,-0.7209145,-0.5844825,-0.1332258,0.9375962,29.1,-0.6555731
18.01949,-15.25254,-0.9879568,-0.5759175,-0.4197757,1.218175,29.1,-1.070045
18.90371,-15.25254,-1.507412,-1.003037,-0.7378317,1.95519,29.1,-2.158763
-10.27508,-14.36842,-0.2402491,-0.245391,0.5602476,0.6571254,29.1,-0.2412616
-9.390899,-14.36842,-0.1900615,-0.2511603,0.657106,0.7286928,29.1,-0.346981
-8.50668,-14.36842,-0.1578897,-0.234394,0.737287,0.7895961,29.1,-0.4369473
-7.622461,-14.36842,-0.1042365,-0.1198229,0.8660055,0.8804479,29.1,-0.5711536
-6.738281,-14.36842,-0.5690106,0.6117731,0.4825583,0.9648326,29.1,-0.6958067
-5.854063,-14.36842,-0.865757,1.106493,0.2346708,1.424406,29.1,-1.374688
-4.969844,-14.36842,-0.8568297,1.138731,0.1237066,1.430444,29.1,-1.383607
-4.085664,-14.36842,-0.6917163,0.9581175,0.04556485,1.182597,29.1,-1.017489
6.524844,-14.36842,-0.6517214,0.06972707,-0.2095228,0.6881151,29.1,-0.2870396
7.409023,-14.36842,-0.9150394,0.8962317,-0.3238656,1.321142,29.1,-1.222148
8.293242,-14.36842,-1.053936,1.413352,-0.4466634,1.818751,29.1,-1.957215
9.177461,-14.36842,-0.879249,1.322387,-0.3519377,1.626544,29.1,-1.673287
10.06164,-14.36842,-0.6741129,0.9880323,-0.1449091,1.204838,29.1,-1.050343
10.94586,-14.36842,-0.5166179,0.698208,0.1138923,0.8759908,29.1,-0.5645697
11.83008,-14.36842,-0.3636634,0.4763837,0.3726511,0.7057346,29.1,-0.3130672
12.71426,-14.36842,-0.203931,0.2802467,0.6305698,0.7195445,29.1,-0.3334672
13.59848,-14.36842,-0.06767584,0.1635963,0.8349035,0.853468,29.1,-0.5312989
14.48269,-14.36842,-0.002440465,0.1020999,0.8916844,0.897514,29.1,-0.5963636
15.36687,-14.36842,0.09456698,0.02282149,0.9638964,0.9687931,29.1,-0.7016572
16.25109,-14.36842,0.08296546,-0.2012734,0.6248626,0.6617004,29.1,-0.2480199
17.13531,-14.36842,0.002033854,-0.3624443,0.3293358,0.4897266,29.1,0.006019926
-10.27508,-13.4843,-0.3195694,-0.3425602,0.4691886,0.6630309,29.1,-0.2499853
-9.390899,-13.4843,-0.2776373,-0.3099898,0.5456206,0.6862054,29.1,-0.2842187
-8.50668,-13.4843,-0.3661627,-0.1669585,0.6275049,0.7454614,29.1,-0.3717516
-7.622461,-13.4843,-0.5986883,0.2762274,0.5353223,0.8492934,29.1,-0.5251322
-6.738281,-13.4843,-0.8382623,0.8460974,0.3688106,1.24683,29.1,-1.112374
-5.854063,-13.4843,-0.8682289,1.049924,0.2600912,1.387015,29.1,-1.319454
-4.969844,-13.4843,-0.7383004,1.002821,0.1806393,1.258319,29.1,-1.129346
5.640625,-13.4843,0.1295616,-0.2880174,-0.4096604,0.5172638,29.1,-0.03465813
6.524844,-13.4843,-0.5015457,0.4408966,-0.3352231,0.747203,29.1,-0.3743243
7.409023,-13.4843,-0.7261546,0.986567,-0.3797402,1.282504,29.1,-1.165071
8.293242,-13.4843,-0.7002862,1.20996,-0.3641138,1.444639,29.1,-1.404577
9.177461,-13.4843,-0.560729,1.108026,-0.2241947,1.261904,29.1,-1.13464
10.06164,-13.4843,-0.4233167,0.8392612,0.01205343,0.9400542,29.1,-0.659204
10.94586,-13.4843,-0.3112045,0.5913057,0.2680002,0.7199408,29.1,-0.3340526
11.83008,-13.4843,-0.1723535,0.3689827,0.543484,0.6791382,29.1,-0.273779
12.71426,-13.4843,-0.01056145,0.1521487,0.8315995,0.8454694,29.1,-0.5194833
13.59848,-13.4843,0.08322882,-0.01174956,0.9793277,0.9829282,29.1,-0.7225376
14.48269,-13.4843,0.1545921,-0.09261415,1.035616,1.051179,29.1,-0.823357
15.36687,-13.4843,0.2115615,-0.143632,1.020958,1.052494,29.1,-0.8252997
16.25109,-13.4843,0.4113366,-0.2286591,0.8781052,0.9962687,29.1,-0.7422442
-10.27508,-12.60016,-0.3625661,-0.3531981,0.3917691,0.6400672,29.1,-0.2160633
-9.390899,-12.60016,-0.3954394,-0.289219,0.4275409,0.6502393,29.1,-0.2310895
-8.50668,-12.60016,-0.5315835,-0.05962252,0.4784653,0.7176803,29.1,-0.3307133
-7.622461,-12.60016,-0.6468233,0.2912731,0.4575143,0.8441208,29.1,-0.5174912
-6.738281,-12.60016,-0.7767818,0.7861225,0.3810204,1.168998,29.1,-0.9973991
-5.854063,-12.60016,-0.7184512,0.9614702,0.2969795,1.236444,29.1,-1.097031
-4.969844,-12.60016,-0.1820489,0.3379727,0.1404924,0.4087854,29.1,0.1255863
5.640625,-12.60016,-0.08618382,0.09671967,-0.450379,0.4686401,29.1,0.03716879
6.524844,-12.60016,-0.2746734,0.5841117,-0.3711343,0.7445621,29.1,-0.3704231
7.409023,-12.60016,-0.3674093,0.9630085,-0.3638443,1.09305,29.1,-0.885209
8.293242,-12.60016,-0.3546325,1.11844,-0.3083046,1.213146,29.1,-1.062615
9.177461,-12.60016,-0.2879196,0.9994967,-0.1095026,1.045888,29.1,-0.815542
10.06164,-12.60016,-0.1670626,0.7370234,0.1468391,0.7698539,29.1,-0.4077843
10.94586,-12.60016,-0.09737618,0.5105745,0.4029237,0.6576595,29.1,-0.2420505
11.83008,-12.60016,0.02887557,0.2701637,0.682923,0.7349871,29.1,-0.356279
12.71426,-12.60016,0.09308197,0.05932975,0.9131241,0.9197717,29.1,-0.6292427
13.59848,-12.60016,0.1755925,-0.1044096,1.056499,1.076069,29.1,-0.8601255
14.48269,-12.60016,0.2200394,-0.2077867,1.064194,1.106391,29.1,-0.9049165
15.36687,-12.60016,0.2528958,-0.280094,1.056758,1.122117,29.1,-0.928147
-10.27508,-11.71603,-0.3699073,-0.3518624,0.3258884,0.6056747,29.1,-0.1652586
-9.390899,-11.71603,-0.391625,-0.3008522,0.3545253,0.6079229,29.1,-0.1685798
-8.50668,-11.71603,-0.4791859,-0.02371936,0.3656559,0.6032296,29.1,-0.1616468
-7.622461,-11.71603,-0.5311182,0.2209816,0.3508198,0.6737908,29.1,-0.2658797
-6.738281,-11.71603,-0.5357585,0.5458868,0.3644893,0.8472791,29.1,-0.5221567
-5.854063,-11.71603,-0.4276356,0.7023435,0.3720106,0.9025245,29.1,-0.6037652
-4.969844,-11.71603,-0.01092267,0.03643245,0.5446556,0.545982,29.1,-0.07708064
5.640625,-11.71603,-0.01704378,0.09082237,-0.5273401,0.5353754,29.1,-0.06141244
6.524844,-11.71603,-0.03931111,0.5712504,-0.4168665,0.7082726,29.1,-0.3168163
7.409023,-11.71603,0.03640424,0.9075029,-0.3615611,0.9775548,29.1,-0.7145999
8.293242,-11.71603,0.03834295,1.062787,-0.2715019,1.097588,29.1,-0.8919133
9.177461,-11.71603,0.01537015,0.9815421,-0.08244972,0.9851189,29.1,-0.7257736
10.06164,-11.71603,0.033393,0.6939998,0.218323,0.7282965,29.1,-0.3463955
10.94586,-11.71603,0.08623516,0.4649163,0.4663027,0.6640947,29.1,-0.2515568
11.83008,-11.71603,0.1065119,0.2328496,0.6896971,0.7356941,29.1,-0.3573233
12.71426,-11.71603,0.1718078,0.01953661,0.9210243,0.9371155,29.1,-0.654863
13.59848,-11.71603,0.2013925,-0.1652992,1.044885,1.076878,29.1,-0.8613205
14.48269,-11.71603,0.2347872,-0.2603152,1.054734,1.111464,29.1,-0.9124108
-10.27508,-10.83189,-0.3376395,-0.3374219,0.281062,0.5539403,29.1,-0.08883658
-9.390899,-10.83189,-0.3612316,-0.2955368,0.3034559,0.5567008,29.1,-0.09291445
-8.50668,-10.83189,-0.4360864,-0.02536572,0.3201797,0.5415993,29.1,-0.07060644
-7.622461,-10.83189,-0.3721533,0.07638285,0.301697,0.4851324,29.1,0.0128064
-6.738281,-10.83189,-0.2824031,0.2629896,0.3134176,0.4971375,29.1,-0.0049275
-5.854063,-10.83189,-0.1022241,0.2319061,0.3635665,0.4431825,29.1,0.07477476
-4.969844,-10.83189,0.0853119,-0.01777384,0.4379888,0.4465738,29.1,0.06976514
-4.085664,-10.83189,0.07843528,-0.06190977,0.4431321,0.4542587,29.1,0.058413
-3.201445,-10.83189,0.08414695,0.03416688,0.4350391,0.4444177,29.1,0.07295018
7.409023,-10.83189,0.6360121,0.7536842,-0.3800253,1.056868,29.1,-0.8317618
8.293242,-10.83189,0.5278476,1.106328,-0.2896281,1.259551,29.1,-1.131164
9.177461,-10.83189,0.2899558,1.057252,-0.09472416,1.100377,29.1,-0.8960328
10.06164,-10.83189,0.1666808,0.778441,0.1888854,0.8181874,29.1,-0.4791825
10.94586,-10.83189,0.1347321,0.4541006,0.4492287,0.6528143,29.1,-0.2348933
11.83008,-10.83189,0.1550089,0.222034,0.6726232,0.7250853,29.1,-0.341652
12.71426,-10.83189,0.178205,5.1E-05,0.8431264,0.8617535,29.1,-0.5435382
13.59848,-10.83189,0.1903154,-0.1973636,0.9750417,1.012857,29.1,-0.7667479