14.5,1.9,0.4193735,-0.3527383,0.08930926,0.5552248,29.1,0.2084059
14.5,2.40012,0.3934146,-0.1817102,0.06752444,0.4385809,29.1,0.2759299
14.5,2.90021,0.2066634,-0.1521006,0.04085558,0.2598337,29.1,0.3794049
14.5,3.4003,-0.01968334,-0.2535577,0.006455969,0.2544025,29.1,0.382549
14.5,3.9004,-0.07636818,-0.2800151,-0.0229838,0.2911508,29.1,0.3612757
14.5,4.40052,-0.03022428,-0.3152955,-0.04557808,0.3200033,29.1,0.3445733
14.5,4.90061,0.3159166,-0.07286642,-0.07763757,0.3333773,29.1,0.3368312
14.5,5.4007,0,0,0,0,29.1,0.52982
14.5,5.90079,0,0,0,0,29.1,0.52982
14.5,6.40091,0,0,0,0,29.1,0.52982
14.5,6.90101,0,0,0,0,29.1,0.52982
14.5,7.4011,0,0,0,0,29.1,0.52982
14.5,7.90119,0,0,0,0,29.1,0.52982
14.5,8.40131,0,0,0,0,29.1,0.52982
14.5,8.90137,0,0,0,0,29.1,0.52982
13.99959,1.9,0.6658919,0.06418698,0.2133941,0.7021887,29.1,0.12333
13.99959,2.40012,0.6486499,0.1866654,0.1283957,0.687078,29.1,0.1320774
13.99959,2.90021,0.4852602,0.3361433,0.08866593,0.596935,29.1,0.1842603
13.99959,3.4003,0.08869944,0.3128678,0.02440261,0.3261124,29.1,0.3410368
13.99959,3.9004,-0.06851245,0.2259628,-0.0476201,0.2408751,29.1,0.3903798
13.99959,4.40052,0.01553922,0.2046222,-0.1200214,0.2377327,29.1,0.3921989
13.99959,4.90061,0.2747859,0.07694446,-0.1530966,0.3238306,29.1,0.3423577
13.99959,5.4007,-0.2832954,-0.0912298,0.04583499,0.3011312,29.1,0.3554982
13.99959,5.90079,-0.1590038,-0.3182874,0.04392845,0.3584952,29.1,0.3222907
13.99959,6.40091,-0.06682126,-0.4574848,0.05631067,0.4657556,29.1,0.2601987
13.99959,6.90101,0.006086575,-0.5559451,0.06305794,0.559543,29.1,0.2059062
13.99959,7.4011,0.0786937,-0.6091785,0.06316388,0.6174794,29.1,0.1723674
13.99959,7.90119,0.2519321,-0.6018785,0.07804171,0.6571286,29.1,0.1494148
13.99959,8.40131,0.4944559,-0.5339,0.1134181,0.7364778,29.1,0.1034804
13.99959,8.90137,0.7004154,-0.402123,0.1331906,0.8185502,29.1,0.05596947
13.49918,1.9,0.8953167,0.2193154,0.3275101,0.9782403,29.1,-0.03647351
13.49918,2.40012,0.9071827,0.3304565,0.1960773,0.9852047,29.1,-0.04050513
13.49918,2.90021,0.7368557,0.4232847,0.1563842,0.8640499,29.1,0.02963014
13.49918,3.4003,0.1463102,0.4830236,0.05306546,0.5074785,29.1,0.2360458
13.49918,3.9004,-0.0547488,0.4072492,0.000153966,0.4109129,29.1,0.2919466
13.49918,4.40052,-0.005526248,0.2844156,-0.08275761,0.2962627,29.1,0.3583165
13.49918,4.90061,0.1292802,0.05902221,-0.1475409,0.2048543,29.1,0.4112319
13.49918,5.4007,-0.5063461,-0.02326993,0.04426281,0.5088094,29.1,0.2352753
13.49918,5.90079,-0.2632242,-0.138324,0.03420042,0.2993162,29.1,0.3565488
13.49918,6.40091,-0.1258427,-0.1826221,0.0230472,0.2229762,29.1,0.4007413
13.49918,6.90101,-0.02601632,-0.2122563,0.01937547,0.2147207,29.1,0.4055203
13.49918,7.4011,0.06548115,-0.2710064,0.02614554,0.2800283,29.1,0.3677144
13.49918,7.90119,0.233606,-0.3520935,0.04849022,0.425315,29.1,0.2836094
13.49918,8.40131,0.6022184,-0.4492132,0.08935621,0.7566003,29.1,0.09183165
13.49918,8.90137,1.086973,-0.5053508,0.1798394,1.212118,29.1,-0.1718632
12.99876,1.9,1.072021,0.2334014,0.3276234,1.145007,29.1,-0.1330132
12.99876,2.40012,1.084445,0.2926572,0.2353425,1.14763,29.1,-0.1345314
12.99876,2.90021,0.9880754,0.2062994,0.2295751,1.03516,29.1,-0.06942402
12.99876,3.4003,0,0,0,0,29.1,0.52982
12.99876,3.9004,0,0,0,0,29.1,0.52982
12.99876,4.40052,0,0,0,0,29.1,0.52982
12.99876,4.90061,0,0,0,0,29.1,0.52982
12.99876,5.4007,-0.5431321,-0.09984399,0.02944527,0.5530174,29.1,0.2096837
12.99876,5.90079,-0.311174,-0.06311484,0.01473272,0.3178518,29.1,0.3458187
12.99876,6.40091,-0.1367238,-0.01986734,0.004246423,0.1382249,29.1,0.449803
12.99876,6.90101,-0.03577734,0.03327011,0.003865902,0.04900881,29.1,0.5014493
12.99876,7.4011,0.02769953,0.008097998,0.002674139,0.02898262,29.1,0.5130423
12.99876,7.90119,0.1585062,-0.07548989,0.01468899,0.1761781,29.1,0.4278323
12.99876,8.40131,0.3752218,-0.2047309,0.02094651,0.4279543,29.1,0.2820815
12.99876,8.90137,1.052622,-0.3954359,0.1377671,1.132856,29.1,-0.125979
12.49835,1.9,1.169302,0.2136602,0.2824306,1.221754,29.1,-0.1774414
12.49835,2.40012,1.144201,0.2596446,0.221958,1.194101,29.1,-0.161433
12.49835,2.90021,0.9491179,0.02325644,0.271301,0.9874056,29.1,-0.04177924
12.49835,3.4003,0.08354943,-0.007712735,0.2394593,0.2537336,29.1,0.3829362
12.49835,3.9004,-0.01231002,-0.1323117,0.1103029,0.1726981,29.1,0.4298468
12.49835,4.40052,-0.05368105,-0.2415299,-0.005376381,0.2474818,29.1,0.3865553
12.49835,4.90061,-0.2023837,-0.3344768,-0.03291336,0.3923228,29.1,0.3027082
12.49835,5.4007,-0.376067,-0.1732977,0.003467396,0.41409,29.1,0.2901074
12.49835,5.90079,-0.2520814,-0.01007248,-0.002346247,0.2522935,29.1,0.3837698
12.49835,6.40091,-0.1303432,0.1000057,-0.02050435,0.1655624,29.1,0.4339776
12.49835,6.90101,-0.0457198,0.1663187,-0.02397327,0.1741462,29.1,0.4290085
12.49835,7.4011,0.01212215,0.1862272,-0.02543228,0.1883462,29.1,0.4207883
12.49835,7.90119,0.07462946,0.1419847,-0.02706011,0.1626698,29.1,0.4356521
12.49835,8.40131,0.2137321,0.05065358,-0.02324714,0.2208792,29.1,0.4019552
12.49835,8.90137,0.8127611,-0.2784463,0.06961124,0.8619505,29.1,0.03084546
11.99794,1.9,1.240695,0.176216,0.2237599,1.272967,29.1,-0.207088
11.99794,2.40012,1.183805,0.2697915,0.162898,1.225038,29.1,-0.1793424
11.99794,2.90021,0.8708286,0.01543474,0.3102088,0.9245594,29.1,-0.005398199
11.99794,3.4003,-0.0411455,-0.08529793,0.2156008,0.2354833,29.1,0.393501
11.99794,3.9004,-0.1118039,-0.2673782,0.08630393,0.3023898,29.1,0.3547696
11.99794,4.40052,-0.16602,-0.3795388,0.006663564,0.4143147,29.1,0.2899773
11.99794,4.90061,-0.1465869,-0.3658346,-0.02246446,0.3947496,29.1,0.3013034
11.99794,5.4007,-0.1831666,-0.1202196,-0.02590838,0.2206218,29.1,0.4021042
11.99794,5.90079,-0.1430462,0.07385121,-0.03474804,0.1646926,29.1,0.4344811
11.99794,6.40091,-0.0789588,0.2080143,-0.06029943,0.2305222,29.1,0.396373
11.99794,6.90101,-0.0299584,0.2763167,-0.07289902,0.2873372,29.1,0.3634834
11.99794,7.4011,0.01178145,0.2989233,-0.07792714,0.3091385,29.1,0.3508628
11.99794,7.90119,0.03829002,0.2976903,-0.07317548,0.3089341,29.1,0.3509811
11.99794,8.40131,0.08413365,0.2641844,-0.07672967,0.2876792,29.1,0.3632854
11.99794,8.90137,0.3135268,0.08349637,-0.06019718,0.3299915,29.1,0.3387912
11.49753,1.9,1.316323,0.1223194,0.1627299,1.331972,29.1,-0.2412452
11.49753,2.40012,1.190379,0.2417226,0.1109706,1.219732,29.1,-0.1762706
11.49753,2.90021,0.8338708,0.02024252,0.294589,0.8846089,29.1,0.01772875
11.49753,3.4003,-0.1724499,-0.05481997,0.2476085,0.3066825,29.1,0.3522846
11.49753,3.9004,-0.1889722,-0.2268679,0.1342508,0.3243499,29.1,0.3420571
11.49753,4.40052,-0.1416253,-0.2085115,0.06410448,0.2600849,29.1,0.3792594
11.49753,4.90061,0,0,0,0,29.1,0.52982
11.49753,5.4007,-0.07952402,0.004904828,-0.09884914,0.1269617,29.1,0.4563231
11.49753,5.90079,-0.03565297,0.09892175,-0.1204314,0.1598761,29.1,0.4372693
11.49753,6.40091,-0.000216258,0.2951768,-0.1251495,0.3206116,29.1,0.3442211
11.49753,6.90101,0.000116424,0.2988834,-0.1171415,0.3210194,29.1,0.3439851
11.49753,7.4011,0.000482935,0.3062985,-0.108927,0.3250909,29.1,0.3416282
11.49753,7.90119,0.000464441,0.3115162,-0.09816612,0.3266177,29.1,0.3407443
11.49753,8.40131,-0.02000168,0.2965373,-0.1031099,0.3145887,29.1,0.3477077
11.49753,8.90137,0.1815603,0.2202839,-0.12637,0.3121835,29.1,0.3491001
10.9971,1.9,1.382838,0.05045579,0.1307137,1.389918,29.1,-0.2747895
10.9971,2.40012,1.188101,0.2436367,0.03374185,1.213293,29.1,-0.1725434
10.9971,2.90021,0.7938018,0.07415687,0.1914896,0.8199322,29.1,0.05516946
10.9971,3.4003,-0.1880096,-0.00639032,0.3189816,0.3703211,29.1,0.3154448
10.9971,3.9004,-0.1180466,0.01119634,0.2381865,0.2660699,29.1,0.3757948
10.9971,4.40052,-0.009898551,0.06852449,0.1950381,0.2069625,29.1,0.4100115
10.9971,4.90061,0,0,0,0,29.1,0.52982
10.9971,5.4007,-0.1100018,0.02671656,-0.1777038,0.210696,29.1,0.4078502
10.9971,5.90079,-0.06436428,0.01093882,-0.1895522,0.2004806,29.1,0.4137638
10.9971,6.40091,-0.2176187,-0.2345212,0.06945059,0.3273858,29.1,0.3402996
10.9971,6.90101,-0.07264114,-0.5071676,0.09085184,0.5203363,29.1,0.2286026
10.9971,7.4011,-0.003520507,-0.6627072,0.08502531,0.6681486,29.1,0.1430355
10.9971,7.90119,0.09014361,-0.7326174,0.1700801,0.7574836,29.1,0.09132031
10.9971,8.40131,0.2728373,-0.7384267,0.2125351,0.815405,29.1,0.05779018
10.9971,8.90137,0.5421516,-0.6438457,0.2344393,0.8737434,29.1,0.02401868
10.49669,1.9,1.38994,-0.04038393,0.1441761,1.397981,29.1,-0.2794574
10.49669,2.40012,1.209823,0.1854185,-0.04406266,1.224742,29.1,-0.1791707
10.49669,2.90021,0.7449538,0.0839854,-0.02972922,0.7502623,29.1,0.09550068
10.49669,3.4003,0,0,0,0,29.1,0.52982
10.49669,3.9004,0,0,0,0,29.1,0.52982
10.49669,4.40052,0,0,0,0,29.1,0.52982
10.49669,4.90061,0,0,0,0,29.1,0.52982
10.49669,5.4007,-0.1661017,0.04158422,-0.1563666,0.2318826,29.1,0.3955855
10.49669,5.90079,-0.1878778,0.01596415,-0.1808666,0.2612769,29.1,0.3785694
10.49669,6.40091,-0.4122962,-0.08799972,0.06241009,0.4261774,29.1,0.2831102
10.49669,6.90101,-0.1920961,-0.2303294,0.06060636,0.3059831,29.1,0.3526894
10.49669,7.4011,-0.03173137,-0.3271722,0.05288306,0.3329341,29.1,0.3370878
10.49669,7.90119,0.1285562,-0.4110965,0.05428469,0.4341358,29.1,0.2785031
10.49669,8.40131,0.3708581,-0.5266539,0.08327004,0.6494874,29.1,0.1538382
10.49669,8.90137,0.7194726,-0.5998618,0.152607,0.9490858,29.1,-0.01959631
9.996277,1.9,1.39288,-0.1168919,0.2013165,1.412199,29.1,-0.2876878
9.996277,2.40012,1.269557,0.06722869,-0.1305361,1.27802,29.1,-0.2100129
9.996277,2.90021,0.8145369,0.07786277,-0.2374544,0.8520079,29.1,0.03660112
9.996277,3.4003,0.1814333,-0.001197936,0.265926,0.3219257,29.1,0.3434604
9.996277,3.9004,0.07475583,-0.03788013,0.2014,0.2181405,29.1,0.4035406
9.996277,4.40052,-0.009320745,-0.02438446,0.1602293,0.162342,29.1,0.4358419
9.996277,4.90061,0,0,0,0,29.1,0.52982
9.996277,5.4007,-0.1015714,0.04278903,0.02726884,0.1135396,29.1,0.4640931
9.996277,5.90079,-0.216545,0.06690454,-0.02559573,0.2280858,29.1,0.3977834
9.996277,6.40091,-0.5492017,-0.1069328,0.04222362,0.561106,29.1,0.2050014
9.996277,6.90101,-0.2562756,-0.12886,0.02134862,0.2876419,29.1,0.363307
9.996277,7.4011,-0.06531548,-0.101013,-0.002898634,0.1203252,29.1,0.460165
9.996277,7.90119,0.0494765,-0.1074978,-0.02145322,0.1202661,29.1,0.4601991
9.996277,8.40131,0.20578,-0.2065394,-0.01266428,0.2918292,29.1,0.360883
9.996277,8.90137,0.6532035,-0.4477152,0.04832039,0.7933842,29.1,0.07053781
9.495865,1.9,1.450549,-0.2557293,0.2561001,1.495017,29.1,-0.3356307
9.495865,2.40012,1.290965,-0.01826144,-0.04939277,1.292039,29.1,-0.2181283
9.495865,2.90021,0.7228397,0.213098,-0.3902115,0.8486301,29.1,0.03855654
9.495865,3.4003,0.1485432,-0.1068319,0.2545678,0.3135011,29.1,0.3483374
9.495865,3.9004,0.07095152,-0.269222,0.1725375,0.327542,29.1,0.3402092
9.495865,4.40052,0.02260421,-0.3346184,0.1369247,0.3622551,29.1,0.3201141
9.495865,4.90061,0.01585436,-0.3699707,0.1407663,0.3961626,29.1,0.3004854
9.495865,5.4007,-0.07232827,-0.388694,0.1392261,0.4191638,29.1,0.2871703
9.495865,5.90079,-0.2792883,-0.6218124,0.0766293,0.685948,29.1,0.1327316
9.495865,6.40091,-0.393265,-0.3614779,-0.000170131,0.534157,29.1,0.2206019
9.495865,6.90101,-0.2059852,-0.1125049,-0.06656593,0.2439637,29.1,0.3885919
9.495865,7.4011,-0.0661565,0.02501698,-0.09370404,0.1174009,29.1,0.4618578
9.495865,7.90119,0.01876207,0.0872044,-0.1108795,0.1423056,29.1,0.4474407
9.495865,8.40131,0.1028869,0.0858326,-0.1310007,0.1873876,29.1,0.4213432
9.495865,8.90137,0.2740118,-0.08280102,-0.1732543,0.3345976,29.1,0.3361248
8.995453,1.9,1.494212,-0.3445181,0.3272204,1.56794,29.1,-0.3778449
8.995453,2.40012,1.539293,-0.2626311,0.05031309,1.562348,29.1,-0.3746074
8.995453,2.90021,0.1101843,0.2226849,-0.8090284,0.8463191,29.1,0.03989431
8.995453,3.4003,0.01476707,-0.08854379,0.242373,0.2584622,29.1,0.3801988
8.995453,3.9004,0.004932729,-0.2777557,0.165556,0.3233904,29.1,0.3426125
8.995453,4.40052,-0.009994771,-0.4072258,0.134212,0.4288888,29.1,0.2815406
8.995453,4.90061,-0.01631137,-0.4969963,0.1318012,0.5144346,29.1,0.2320189
8.995453,5.4007,-0.1441687,-0.5520805,0.07921189,0.576066,29.1,0.1963412
8.995453,5.90079,-0.205403,-0.6335257,-0.0794096,0.6707094,29.1,0.141553
8.995453,6.40091,-0.0400787,-0.3236445,-0.2836993,0.4322469,29.1,0.2795966
8.995453,6.90101,-0.0638025,0.009097404,-0.3125916,0.3191662,29.1,0.3450579
8.995453,7.4011,-0.03724072,0.1581217,-0.2740383,0.3185692,29.1,0.3454035
8.995453,7.90119,0.002638843,0.2361164,-0.2659824,0.3556748,29.1,0.3239234
8.995453,8.40131,0.05604675,0.2314463,-0.2469913,0.3430937,29.1,0.3312065
8.995453,8.90137,0.1659806,0.11076,-0.2533449,0.3224918,29.1,0.3431327
8.495041,1.9,1.596193,-0.5405821,0.2421114,1.702551,29.1,-0.4557695
8.495041,2.40012,1.748094,-0.7082922,0.2023625,1.896961,29.1,-0.5683119
8.495041,2.90021,0,0,0,0,29.1,0.52982
8.495041,3.4003,-0.06832118,0.05279398,0.2662492,0.2798993,29.1,0.3677891
8.495041,3.9004,-0.01707782,0.0314999,0.2020804,0.2052325,29.1,0.4110129
8.495041,4.40052,-0.03297671,0.05825029,0.1105496,0.1292353,29.1,0.455007
8.495041,4.90061,0,0,0,0,29.1,0.52982
8.495041,5.4007,-0.1371063,-0.1613872,0.1707888,0.2720529,29.1,0.3723313
8.495041,5.90079,-0.2320244,-0.1826522,0.05796412,0.3009269,29.1,0.3556165
8.495041,6.40091,-0.1672641,-0.4600521,-0.03151049,0.4905285,29.1,0.245858
8.495041,6.90101,0.01149671,-0.6370373,0.01908317,0.6374268,29.1,0.16082
8.495041,7.4011,0.06709795,-0.6038069,0.06312429,0.6107942,29.1,0.1762374
8.495041,7.90119,0.1264805,-0.4485955,0.09699044,0.4760697,29.1,0.254228
8.495041,8.40131,0.1460199,-0.08106984,0.08621839,0.1879568,29.1,0.4210137
8.495041,8.90137,-0.2596353,0.3505424,0.04591719,0.4386329,29.1,0.2758998
7.994629,1.9,0,0,0,0,29.1,0.52982
7.994629,2.40012,1.157649,-0.8982808,0.1820576,1.476551,29.1,-0.3249409
7.994629,2.90021,0.896858,-1.048598,0.3477471,1.422969,29.1,-0.2939225
7.994629,3.4003,0.5460068,-0.84316,0.4976384,1.12102,29.1,-0.1191274
7.994629,3.9004,0.5292922,-0.2761924,0.5451257,0.808452,29.1,0.06181524
7.994629,4.40052,0.2540857,0.08262333,0.6809906,0.7315288,29.1,0.1063453
7.994629,4.90061,0,0,0,0,29.1,0.52982
7.994629,5.4007,-0.3131451,-0.4684176,0.1664055,0.587508,29.1,0.1897175
7.994629,5.90079,-0.2286507,-0.7996263,0.02769683,0.8321361,29.1,0.04810474
7.994629,6.40091,-0.08096037,-0.752554,-0.02142957,0.7571996,29.1,0.09148469
7.994629,6.90101,0.07471391,-0.6790455,0.02201981,0.6834982,29.1,0.1341497
7.994629,7.4011,0.1794745,-0.673113,0.0740234,0.700551,29.1,0.124278
7.994629,7.90119,0.3250438,-0.7322007,0.1261597,0.8109794,29.1,0.06035211
7.994629,8.40131,0.4098682,-0.6995447,0.1499413,0.8245224,29.1,0.05251224
7.994629,8.90137,0.3251967,-0.444253,0.1511297,0.5709236,29.1,0.1993181
7.494217,1.9,0.3910218,-0.5099387,0.274532,0.6987871,29.1,0.1252992
7.494217,2.40012,0.6035465,-0.6903065,0.08696745,0.9210618,29.1,-0.003373438
7.494217,2.90021,0.8108972,-0.8247768,0.1368548,1.164706,29.1,-0.1444167
7.494217,3.4003,1.125328,-0.7336207,0.2081023,1.359364,29.1,-0.257102
7.494217,3.9004,1.090381,-0.4059843,0.2295981,1.185947,29.1,-0.1567128
7.494217,4.40052,0.6332052,-0.1265728,0.4111322,0.7655059,29.1,0.0866763
7.494217,4.90061,0,0,0,0,29.1,0.52982
7.494217,5.4007,-0.5572355,-0.4498307,0.1256029,0.727073,29.1,0.1089247
7.494217,5.90079,-0.3305954,-0.697877,-0.007735173,0.77226,29.1,0.08276643
7.494217,6.40091,0.03697285,-0.5688958,-0.05124305,0.5723943,29.1,0.1984667
7.494217,6.90101,0.08814295,-0.4992851,-0.001957135,0.5070094,29.1,0.2363173
7.494217,7.4011,0.1650036,-0.5577235,0.04389178,0.5832736,29.1,0.1921687
7.494217,7.90119,0.295208,-0.7298829,0.1032194,0.7940599,29.1,0.07014668
7.494217,8.40131,0.4328145,-0.8740048,0.1472417,0.9863533,29.1,-0.04117008
7.494217,8.90137,0.5221004,-1.021262,0.1772158,1.160591,29.1,-0.1420343
6.99379,1.9,0.1390572,-0.5290138,0.07627679,0.5522776,29.1,0.210112
6.99379,2.40012,0.2709725,-0.4079275,-0.04152102,0.4914824,29.1,0.2453057
6.99379,2.90021,0.7130262,-0.5685218,-0.07011408,0.9146252,29.1,0.000352591
6.99379,3.4003,1.097122,-0.6048582,-0.00346266,1.252813,29.1,-0.1954212
6.99379,3.9004,1.496385,-0.4728908,-0.01081005,1.569366,29.1,-0.3786706
6.99379,4.40052,1.104215,-0.1491936,-0.02214101,1.114468,29.1,-0.1153343
6.99379,4.90061,0,0,0,0,29.1,0.52982
6.99379,5.4007,-0.6719832,-0.1434592,0.1280284,0.6989515,29.1,0.1252039
6.99379,5.90079,-0.3885033,-0.1119146,-0.04083209,0.4063582,29.1,0.2945833
6.99379,6.40091,-0.04356318,-0.06916271,-0.1138709,0.1401706,29.1,0.4486766
6.99379,6.90101,0.03183472,-0.1969975,-0.06019153,0.2084334,29.1,0.40916
6.99379,7.4011,0.06883413,-0.2679229,-0.0282617,0.2780639,29.1,0.3688516
6.99379,7.90119,0.1375856,-0.3788633,0.0113069,0.4032307,29.1,0.2963938
6.99379,8.40131,0.2809331,-0.6371091,0.08870345,0.7019258,29.1,0.1234822
6.99379,8.90137,0.4249747,-0.8942518,0.1484012,1.001156,29.1,-0.04973902
6.493378,1.9,0,0,0,0,29.1,0.52982
6.493378,2.40012,0.1068017,-0.04042913,-0.2896414,0.311341,29.1,0.3495878
6.493378,2.90021,0.2366994,-0.1496373,-0.3405842,0.4409257,29.1,0.2745725
6.493378,3.4003,1.190485,-0.4609837,-0.2654271,1.303921,29.1,-0.225007
6.493378,3.9004,1.831408,-0.4971276,-0.2260468,1.911096,29.1,-0.5764943
6.493378,4.40052,1.420239,-0.1537137,-0.477069,1.506088,29.1,-0.3420392
6.493378,4.90061,0,0,0,0,29.1,0.52982
6.493378,5.4007,-0.6733341,-0.03981968,0.1006075,0.6819723,29.1,0.1350331
6.493378,5.90079,-0.3543103,0.02020861,-0.09351399,0.3670001,29.1,0.3173673
6.493378,6.40091,-0.1252458,0.04767551,-0.1681697,0.2150361,29.1,0.4053378
6.493378,6.90101,-0.01345803,0.06154025,-0.1540432,0.166426,29.1,0.4334776
6.493378,7.4011,0.02258068,0.008797164,-0.1175163,0.119989,29.1,0.4603595
6.493378,7.90119,0.03039044,-0.009636912,-0.1096087,0.1141513,29.1,0.4637389
6.493378,8.40131,0.07593124,-0.0495515,-0.09260092,0.1295988,29.1,0.4547966
6.493378,8.90137,0.2509761,-0.1870904,-0.06398317,0.3195085,29.1,0.3448597
5.992966,1.9,0,0,0,0,29.1,0.52982
5.992966,2.40012,-0.00495238,0.2288569,-0.6717796,0.7097097,29.1,0.1189761
5.992966,2.90021,-0.01287134,0.1850305,-0.6697156,0.6949251,29.1,0.1275348
5.992966,3.4003,0.532219,-0.1381085,-0.5492656,0.7771896,29.1,0.07991271
5.992966,3.9004,1.976747,-0.569924,-0.3014603,2.079236,29.1,-0.6738288
5.992966,4.40052,1.744211,-0.4746548,-0.5003056,1.8756,29.1,-0.5559458
5.992966,4.90061,0,0,0,0,29.1,0.52982
5.992966,5.4007,-0.669337,-0.213544,0.07556771,0.7066283,29.1,0.12076
5.992966,5.90079,-0.2515351,-0.2720219,-0.03627203,0.3722654,29.1,0.3143193
5.992966,6.40091,-0.04378777,0.08139514,-0.280059,0.2949163,29.1,0.3590959
5.992966,6.90101,-0.008566995,0.1817044,-0.2566467,0.314575,29.1,0.3477157
5.992966,7.4011,0.005413284,0.2226503,-0.2302999,0.3203755,29.1,0.3443578
5.992966,7.90119,0.002916068,0.224882,-0.1954036,0.2979312,29.1,0.3573506
5.992966,8.40131,0.01784009,0.1952056,-0.1785015,0.2651156,29.1,0.3763472
5.992966,8.90137,0.09739118,0.05813335,-0.1941833,0.2248815,29.1,0.3996384
5.492554,1.9,-0.09179612,-2.142187,0.6311446,2.235114,29.1,-0.7640653
5.492554,2.40012,-0.02447142,-1.382966,0.4025472,1.440569,29.1,-0.304111
5.492554,2.90021,0.1321317,-0.9129257,0.1621018,0.936573,29.1,-0.01235277
5.492554,3.4003,0.4371566,-0.5632204,-0.06661586,0.7160732,29.1,0.1152924
5.492554,3.9004,1.292142,-0.6891459,-0.2227469,1.481273,29.1,-0.3276742
5.492554,4.40052,1.035097,-1.312059,-0.2387878,1.688178,29.1,-0.4474494
5.492554,4.90061,-0.05251137,-1.373474,-0.06618867,1.37607,29.1,-0.2667733
5.492554,5.4007,-0.3393912,-1.034821,0.0134229,1.089138,29.1,-0.1006711
5.492554,5.90079,-0.07827612,-0.9718114,0.09715244,0.9797872,29.1,-0.03736904
5.492554,6.40091,0.018059,-0.9798253,0.1636365,0.9935595,29.1,-0.04534169
5.492554,6.90101,0.06785326,-0.9649783,0.2013083,0.9880851,29.1,-0.04217258
5.492554,7.4011,0.1306202,-0.9668028,0.2359954,1.003725,29.1,-0.05122614
5.492554,7.90119,0.2117697,-0.9013729,0.2168504,0.9509698,29.1,-0.02068693
5.492554,8.40131,0.3177348,-0.7682668,0.1590799,0.8464607,29.1,0.03981238
5.492554,8.90137,0.2849286,-0.5445364,0.06571193,0.6180795,29.1,0.1720199
4.992142,1.9,0.1543989,-2.274481,0.4874692,2.33125,29.1,-0.8197174
4.992142,2.40012,0.2019275,-1.366858,0.2599593,1.405935,29.1,-0.2840617
4.992142,2.90021,0.2527964,-1.032116,0.07398742,1.065196,29.1,-0.08681145
4.992142,3.4003,0.3874241,-1.03644,-0.04348359,1.107337,29.1,-0.1112064
4.992142,3.9004,0.5330474,-1.217446,-0.1106021,1.333622,29.1,-0.2422002
4.992142,4.40052,0.404779,-1.54134,-0.07664676,1.595446,29.1,-0.3937678
4.992142,4.90061,0.08044556,-1.602592,-0.000116976,1.60461,29.1,-0.3990726
4.992142,5.4007,-0.06932255,-1.469424,0.08237602,1.473363,29.1,-0.3230954
4.992142,5.90079,-0.02356726,-1.368783,0.1296072,1.375108,29.1,-0.266216
4.992142,6.40091,0.07901879,-1.327727,0.1729022,1.341268,29.1,-0.2466265
4.992142,6.90101,0.1661422,-1.34962,0.1980236,1.374151,29.1,-0.2656623
4.992142,7.4011,0.240586,-1.374807,0.2191558,1.412801,29.1,-0.2880363
4.992142,7.90119,0.3017741,-1.424847,0.2087319,1.471335,29.1,-0.3219211
4.992142,8.40131,0.3541916,-1.539877,0.1799565,1.590301,29.1,-0.3907894
4.992142,8.90137,0.3287055,-1.608144,0.1198832,1.645766,29.1,-0.4228974
4.49173,1.9,0.3368611,-1.920052,0.4165759,1.993392,29.1,-0.6241345
4.49173,2.40012,0.2849483,-1.211155,0.1909614,1.258792,29.1,-0.1988821
4.49173,2.90021,0.1861129,-1.087022,0.06406024,1.104698,29.1,-0.1096787
4.49173,3.4003,0.209041,-1.14423,-0.01389823,1.163251,29.1,-0.1435743
4.49173,3.9004,0.2343856,-1.326138,-0.03684649,1.347196,29.1,-0.2500584
4.49173,4.40052,0.1954423,-1.476567,-0.01398469,1.489511,29.1,-0.3324431
4.49173,4.90061,0.06930681,-1.569583,0.03878384,1.571591,29.1,-0.3799586
4.49173,5.4007,0.005633834,-1.549157,0.08324976,1.551402,29.1,-0.3682713
4.49173,5.90079,0.02153255,-1.49113,0.1295027,1.496898,29.1,-0.3367191
4.49173,6.40091,0.10618,-1.478008,0.1677082,1.491277,29.1,-0.3334653
4.49173,6.90101,0.1904066,-1.546713,0.1912615,1.570081,29.1,-0.3790843
4.49173,7.4011,0.2631963,-1.591751,0.2073154,1.626629,29.1,-0.4118193
4.49173,7.90119,0.331804,-1.667668,0.2069838,1.712907,29.1,-0.4617648
4.49173,8.40131,0.3599967,-1.701883,0.1822187,1.749059,29.1,-0.4826928
4.49173,8.90137,0.3473396,-1.742657,0.1395776,1.782408,29.1,-0.5019983
3.991318,1.9,0,0,0,0,29.1,0.52982
3.991318,2.40012,0.04043236,-0.7142894,0.1409184,0.7291791,29.1,0.1077055
3.991318,2.90021,0.01538465,-0.9751697,0.0524733,0.9767016,29.1,-0.03558278
3.991318,3.4003,0.04504959,-1.127357,0.006090749,1.128273,29.1,-0.1233258
3.991318,3.9004,0.07688557,-1.253838,-0.001426745,1.256194,29.1,-0.1973782
3.991318,4.40052,0.07298823,-1.370429,0.01702071,1.372477,29.1,-0.2646932
3.991318,4.90061,0.03924622,-1.449257,0.0503842,1.450664,29.1,-0.3099548
3.991318,5.4007,0.02989458,-1.489988,0.08794871,1.492881,29.1,-0.3343937
3.991318,5.90079,0.0585985,-1.503448,0.1243213,1.509717,29.1,-0.34414
3.991318,6.40091,0.1204885,-1.527296,0.1539757,1.539759,29.1,-0.3615311
3.991318,6.90101,0.2005009,-1.574515,0.1785562,1.597241,29.1,-0.3948069
3.991318,7.4011,0.2854833,-1.655408,0.2004576,1.691762,29.1,-0.4495242
3.991318,7.90119,0.3538587,-1.710206,0.2073288,1.758694,29.1,-0.4882704
3.991318,8.40131,0.4063985,-1.749654,0.1900105,1.806254,29.1,-0.5158023
3.991318,8.90137,0.4264281,-1.72626,0.1502135,1.784483,29.1,-0.5031993
3.490906,1.9,0,0,0,0,29.1,0.52982
3.490906,2.40012,-0.421416,-0.5027856,0.06143856,0.6589078,29.1,0.1483848
3.490906,2.90021,-0.2378787,-0.8475114,0.008745545,0.8803058,29.1,0.02021976
3.490906,3.4003,-0.1202132,-1.032869,-0.02230875,1.04008,29.1,-0.07227198
3.490906,3.9004,-0.03730623,-1.11609,-0.0190339,1.116876,29.1,-0.1167281
3.490906,4.40052,-0.000199671,-1.183371,0.001119708,1.183372,29.1,-0.1552221
3.490906,4.90061,0.001363584,-1.234361,0.03216026,1.234781,29.1,-0.1849824
3.490906,5.4007,0.01386898,-1.291763,0.06794818,1.293623,29.1,-0.2190456
3.490906,5.90079,0.04709185,-1.332432,0.1040392,1.337317,29.1,-0.2443396
3.490906,6.40091,0.1026758,-1.372229,0.1332487,1.382502,29.1,-0.2704964
3.490906,6.90101,0.1881357,-1.473897,0.1527128,1.493683,29.1,-0.3348583
3.490906,7.4011,0.2782431,-1.587207,0.1792689,1.621352,29.1,-0.4087646
3.490906,7.90119,0.3704877,-1.696957,0.1954001,1.747885,29.1,-0.4820134
3.490906,8.40131,0.4452913,-1.744154,0.1822792,1.809305,29.1,-0.5175685
3.490906,8.90137,0.5116786,-1.759183,0.1386081,1.837322,29.1,-0.5337871
2.990479,1.9,0,0,0,0,29.1,0.52982
2.990479,2.40012,-0.8277058,-0.436541,0.0250373,0.9361046,29.1,-0.01208158
2.990479,2.90021,-0.5384128,-0.787537,-0.05055298,0.9553316,29.1,-0.02321191
2.990479,3.4003,-0.2798556,-0.913064,-0.07658673,0.9580556,29.1,-0.02478881
2.990479,3.9004,-0.1143213,-0.9416261,-0.07215428,0.9512809,29.1,-0.02086701
2.990479,4.40052,-0.04563644,-0.9188958,-0.04552946,0.9211542,29.1,-0.003426958
2.990479,4.90061,-0.04266129,-0.9124189,-0.006084649,0.9134359,29.1,0.001041055
2.990479,5.4007,-0.02951222,-0.9584914,0.02886159,0.9593799,29.1,-0.0255554
2.990479,5.90079,0.002943527,-1.023743,0.06056261,1.025537,29.1,-0.06385303
2.990479,6.40091,0.05645558,-1.095031,0.09251267,1.100382,29.1,-0.1071799
2.990479,6.90101,0.1287904,-1.204463,0.115359,1.21681,29.1,-0.1745792
2.990479,7.4011,0.2172437,-1.353835,0.1360801,1.37789,29.1,-0.2678268
2.990479,7.90119,0.3278637,-1.493221,0.1424493,1.535414,29.1,-0.3590158
2.990479,8.40131,0.4392095,-1.605097,0.1459033,1.670488,29.1,-0.4372086
2.990479,8.90137,0.5621601,-1.721578,0.07083213,1.812421,29.1,-0.5193726
2.490067,1.9,0,0,0,0,29.1,0.52982
2.490067,2.40012,-1.229681,-0.365482,-0.03718944,1.283384,29.1,-0.2131182
2.490067,2.90021,-0.8523542,-0.7217045,-0.1305238,1.124456,29.1,-0.1211164
2.490067,3.4003,-0.261116,-0.8985267,-0.1772937,0.952347,29.1,-0.02148416
2.490067,3.9004,-0.001660306,-0.7508727,-0.1701141,0.7699034,29.1,0.08413059
2.490067,4.40052,0.000650764,-0.6625251,-0.1342741,0.6759952,29.1,0.1384932
2.490067,4.90061,-0.04211561,-0.5514082,-0.07579936,0.5581848,29.1,0.2066924
2.490067,5.4007,-0.06170691,-0.5122005,-0.03324763,0.5169743,29.1,0.2305487
2.490067,5.90079,-0.04026186,-0.5358874,0.003601722,0.5374098,29.1,0.2187188
2.490067,6.40091,-0.001357891,-0.5679955,0.03788882,0.5692595,29.1,0.2002814
2.490067,6.90101,0.04151255,-0.6619267,0.06255858,0.6661711,29.1,0.1441802
2.490067,7.4011,0.09687026,-0.7953619,0.07479589,0.8047228,29.1,0.06397402
2.490067,7.90119,0.1911437,-0.9708456,0.08610709,0.9932228,29.1,-0.04514677
2.490067,8.40131,0.3189576,-1.21518,0.06547476,1.258048,29.1,-0.1984513
2.490067,8.90137,0.5133894,-1.45449,0.03876498,1.542923,29.1,-0.3633627
1.989655,1.9,0,0,0,0,29.1,0.52982
1.989655,2.40012,-1.488949,-0.2083335,-0.09006996,1.506149,29.1,-0.3420747
1.989655,2.90021,-1.242537,-0.2174755,-0.2238729,1.281137,29.1,-0.2118175
1.989655,3.4003,0,0,0,0,29.1,0.52982
1.989655,3.9004,0,0,0,0,29.1,0.52982
1.989655,4.40052,0,0,0,0,29.1,0.52982
1.989655,4.90061,0,0,0,0,29.1,0.52982
1.989655,5.4007,-0.1230698,-0.08248452,-0.09881426,0.1780846,29.1,0.4267286
1.989655,5.90079,-0.05314483,-0.1003698,-0.06156584,0.1291852,29.1,0.455036
1.989655,6.40091,-0.01448762,-0.1196171,-0.02480794,0.1230186,29.1,0.4586058
1.989655,6.90101,0.001608193,-0.1058094,0.001217493,0.1058286,29.1,0.4685569
1.989655,7.4011,0.02626555,-0.1551301,0.02212116,0.1588854,29.1,0.4378428
1.989655,7.90119,0.05995088,-0.2211974,0.01577483,0.2297199,29.1,0.3968374
1.989655,8.40131,0.1350426,-0.2561526,-0.009432103,0.2897234,29.1,0.362102
1.989655,8.90137,0.4325712,-0.4012975,-0.06565526,0.5936903,29.1,0.1861386
1.489243,1.9,0,0,0,0,29.1,0.52982
1.489243,2.40012,-1.592014,-0.1944501,-0.1706929,1.612903,29.1,-0.4038735
1.489243,2.90021,-1.239194,-0.0645188,-0.2789581,1.271842,29.1,-0.2064365
1.489243,3.4003,0,0,0,0,29.1,0.52982
1.489243,3.9004,0,0,0,0,29.1,0.52982
1.489243,4.40052,0,0,0,0,29.1,0.52982
1.489243,4.90061,0,0,0,0,29.1,0.52982
1.489243,5.4007,-0.1017568,0.1662794,-0.1932544,0.2745006,29.1,0.3709144
1.489243,5.90079,-0.0302941,0.244859,-0.1638463,0.2961744,29.1,0.3583676
1.489243,6.40091,-0.01203271,0.2786345,-0.1170981,0.3024797,29.1,0.3547176
1.489243,6.90101,-0.005728154,0.3172583,-0.07899103,0.3269942,29.1,0.3405263
1.489243,7.4011,0.007230942,0.3169017,-0.04408586,0.3200352,29.1,0.3445548
1.489243,7.90119,0.02172184,0.2729704,-0.03028283,0.2755027,29.1,0.3703342
1.489243,8.40131,0.07891563,0.2026223,-0.04620304,0.222302,29.1,0.4011316
1.489243,8.90137,0.2730017,0.1263781,-0.08914258,0.3137639,29.1,0.3481852
0.988831,1.9,-1.578277,-1.005579,-0.1139606,1.874869,29.1,-0.555523
0.988831,2.40012,-1.509695,-0.6496711,-0.2620902,1.664315,29.1,-0.4336351
0.988831,2.90021,-0.8803776,-0.2479204,-0.3633921,0.9841661,29.1,-0.03990395
0.988831,3.4003,0,0,0,0,29.1,0.52982
0.988831,3.9004,0,0,0,0,29.1,0.52982
0.988831,4.40052,0,0,0,0,29.1,0.52982
0.988831,4.90061,0,0,0,0,29.1,0.52982
0.988831,5.4007,0,0,0,0,29.1,0.52982
0.988831,5.90079,0,0,0,0,29.1,0.52982
0.988831,6.40091,0,0,0,0,29.1,0.52982
0.988831,6.90101,0,0,0,0,29.1,0.52982
0.988831,7.4011,0,0,0,0,29.1,0.52982
0.988831,7.90119,0,0,0,0,29.1,0.52982
0.988831,8.40131,0,0,0,0,29.1,0.52982
0.988831,8.90137,0,0,0,0,29.1,0.52982
0.488419,1.9,-1.469502,-1.981636,-0.4048551,2.500045,29.1,-0.9174311
0.488419,2.40012,-0.8680258,-1.108642,-0.5941048,1.528239,29.1,-0.3548625
0.488419,2.90021,-0.2532869,-0.4482366,-0.7750677,0.9304839,29.1,-0.008827833
0.488419,3.4003,0,0,0,0,29.1,0.52982
0.488419,3.9004,0,0,0,0,29.1,0.52982
0.488419,4.40052,0,0,0,0,29.1,0.52982
0.488419,4.90061,0,0,0,0,29.1,0.52982
0.488419,5.4007,0,0,0,0,29.1,0.52982
0.488419,5.90079,0,0,0,0,29.1,0.52982
0.488419,6.40091,0,0,0,0,29.1,0.52982
0.488419,6.90101,0,0,0,0,29.1,0.52982
0.488419,7.4011,0,0,0,0,29.1,0.52982
0.488419,7.90119,0,0,0,0,29.1,0.52982
0.488419,8.40131,0,0,0,0,29.1,0.52982
0.488419,8.90137,0,0,0,0,29.1,0.52982
-0.011993,1.9,-0.2745494,-0.7561311,-0.3001603,0.8586081,29.1,0.03278036
-0.011993,2.40012,-0.00118222,-0.02449927,-0.02339955,0.03389912,29.1,0.5101961
-0.011993,2.90021,0.001666623,-0.006207692,-0.02911149,0.02981262,29.1,0.5125618
-0.011993,3.4003,0,0,0,0,29.1,0.52982
-0.011993,3.9004,0,0,0,0,29.1,0.52982
-0.011993,4.40052,0,0,0,0,29.1,0.52982
-0.011993,4.90061,0,0,0,0,29.1,0.52982
-0.011993,5.4007,0,0,0,0,29.1,0.52982
-0.011993,5.90079,0,0,0,0,29.1,0.52982
-0.011993,6.40091,0,0,0,0,29.1,0.52982
-0.011993,6.90101,0,0,0,0,29.1,0.52982
-0.011993,7.4011,0,0,0,0,29.1,0.52982
-0.011993,7.90119,0,0,0,0,29.1,0.52982
-0.011993,8.40131,0,0,0,0,29.1,0.52982
-0.011993,8.90137,0,0,0,0,29.1,0.52982